text,label
"Today, I regret the new feature because the experience was frustrating.",0
"Honestly, I regret the service because the instructions were unclear and it needs improvement.",0
"Today, I doubt the new feature because the instructions were unclear and it needs improvement.",0
"Today, I question the delivery because it keeps failing — really impressed.",0
"Today, I recommend the workshop because the experience was smooth — really impressed.",1
"After trying it, I enjoy the workshop because the experience was smooth.",1
"Today, I enjoy the new feature because the experience was smooth — really impressed.",1
"In my view, I avoid the setup because the quality feels poor and it needs improvement.",0
"In my view, I celebrate the team because the experience was smooth!",1
"Right now, I dislike today's session because the experience was frustrating — really impressed.",0
"For me, I regret today's session because it keeps failing — really impressed.",0
"Right now, I doubt the delivery because the instructions were unclear #feedback",0
"For me, I avoid the setup because the instructions were unclear and it needs improvement.",0
"Honestly, I avoid the setup because the experience was frustrating — really impressed.",0
"In my view, I avoid the delivery because the result is disappointing and it needs improvement.",0
"For me, I celebrate today's session because it works beautifully and I would use it again.",1
"Honestly, I praise the service because it works beautifully and I would use it again.",1
"Right now, I question the delivery because the quality feels poor.",0
"Honestly, I avoid the service because it keeps failing — really impressed.",0
"Honestly, I love the service because the experience was smooth and I would use it again.",1
"For me, I love today's session because it made my day and I would use it again.",1
"Today, I question this update because the result is disappointing #feedback",0
"After trying it, I recommend the workshop because it made my day — really impressed.",1
"After trying it, I praise today's session because the result feels polished.",1
"In my view, I celebrate the workshop because it works beautifully and I would use it again.",1
"Right now, I avoid the delivery because the delay was exhausting and I would use it again.",0
"Honestly, I avoid today's session because it keeps failing.",0
"Honestly, I avoid the delivery because the instructions were unclear #feedback",0
"In my view, I criticise today's session because the quality feels poor #feedback",0
"For me, I enjoy the service because it made my day!",1
"Honestly, I praise this update because the experience was smooth!",1
"Right now, I recommend the service because it works beautifully — really impressed.",1
"After trying it, I love the service because it made my day and I would use it again.",1
"Right now, I question the delivery because the instructions were unclear — really impressed.",0
"Honestly, I dislike today's session because the delay was exhausting and I would use it again.",0
"In my view, I question the delivery because it keeps failing and it needs improvement.",0
"Honestly, I enjoy the service because it works beautifully!",1
"After trying it, I regret today's session because the instructions were unclear — really impressed.",0
"Today, I enjoy the new feature because it made my day — really impressed.",1
"Right now, I dislike today's session because it keeps failing — really impressed.",0
"Today, I praise today's session because the result feels polished and I would use it again.",1
"In my view, I celebrate the team because it made my day.",1
"For me, I recommend the team because it made my day.",1
"In my view, I love today's session because the experience was smooth!",1
"For me, I love the new feature because it made my day.",1
"Today, I dislike the delivery because the result is disappointing #feedback",0
"Today, I enjoy today's session because it works beautifully — really impressed.",1
"In my view, I appreciate today's session because the idea is genuinely useful and I would use it again.",1
"Honestly, I enjoy today's session because the experience was smooth — really impressed.",1
"In my view, I praise the service because it works beautifully — really impressed.",1
"In my view, I celebrate the team because the experience was smooth and I would use it again.",1
"Right now, I recommend today's session because it made my day — really impressed.",1
"For me, I celebrate this update because the idea is genuinely useful.",1
"Right now, I celebrate the service because the result feels polished — really impressed.",1
"Today, I avoid today's session because the instructions were unclear.",0
"Honestly, I question this update because the experience was frustrating and I would use it again.",0
"In my view, I regret the setup because it keeps failing — really impressed.",0
"In my view, I dislike today's session because the experience was frustrating #feedback",0
"After trying it, I love this update because the result feels polished — really impressed.",1
"Today, I doubt today's session because the quality feels poor.",0
"Honestly, I praise the workshop because it works beautifully — really impressed.",1
"Right now, I appreciate this update because the experience was smooth and I would use it again.",1
"Today, I regret the setup because the result is disappointing and it needs improvement.",0
"Honestly, I love the workshop because the idea is genuinely useful!",1
"Honestly, I avoid this update because the instructions were unclear — really impressed.",0
"Honestly, I question today's session because it keeps failing.",0
"Today, I dislike the delivery because the delay was exhausting and I would use it again.",0
"For me, I dislike today's session because it keeps failing #feedback",0
"Right now, I regret the delivery because the result is disappointing.",0
"For me, I appreciate the team because the result feels polished.",1
"Today, I question the setup because the quality feels poor and it needs improvement.",0
"Honestly, I enjoy the service because the support was helpful.",1
"For me, I celebrate the team because the experience was smooth — really impressed.",1
"For me, I regret this update because the result is disappointing and I would use it again.",0
"After trying it, I praise the new feature because the support was helpful — really impressed.",1
"For me, I enjoy the new feature because the idea is genuinely useful and I would use it again.",1
"Today, I criticise the service because the result is disappointing.",0
"Honestly, I regret this update because the quality feels poor — really impressed.",0
"Today, I celebrate the new feature because it works beautifully!",1
"In my view, I praise the workshop because the result feels polished.",1
"Today, I question today's session because the instructions were unclear #feedback",0
"After trying it, I praise the new feature because the result feels polished!",1
"After trying it, I love the service because the idea is genuinely useful.",1
"Honestly, I doubt the delivery because the experience was frustrating — really impressed.",0
"For me, I praise this update because the support was helpful and I would use it again.",1
"After trying it, I celebrate the new feature because the result feels polished and I would use it again.",1
"Today, I question the new feature because it keeps failing and it needs improvement.",0
"After trying it, I celebrate the service because it works beautifully — really impressed.",1
"Honestly, I dislike the new feature because the instructions were unclear and it needs improvement.",0
"Right now, I enjoy the workshop because the result feels polished!",1
"Right now, I dislike the delivery because it keeps failing — really impressed.",0
"Today, I regret today's session because the experience was frustrating and I would use it again.",0
"In my view, I recommend the team because the support was helpful — really impressed.",1
"In my view, I love the workshop because the idea is genuinely useful — really impressed.",1
"Right now, I regret today's session because the quality feels poor — really impressed.",0
"Honestly, I celebrate the service because the support was helpful — really impressed.",1
"In my view, I recommend the new feature because it made my day and I would use it again.",1
"Today, I recommend the service because the result feels polished!",1
"Right now, I praise today's session because it made my day and I would use it again.",1
"After trying it, I avoid the delivery because the quality feels poor.",0
"Right now, I dislike this update because it keeps failing #feedback",0
"For me, I enjoy the team because the idea is genuinely useful and I would use it again.",1
"Honestly, I regret the service because it keeps failing.",0
"Right now, I dislike the delivery because the result is disappointing #feedback",0
"After trying it, I love today's session because the idea is genuinely useful — really impressed.",1
"Right now, I praise the team because it made my day — really impressed.",1
"Honestly, I criticise the service because the experience was frustrating — really impressed.",0
"Right now, I dislike the setup because the experience was frustrating #feedback",0
"Today, I regret the service because the delay was exhausting.",0
"Right now, I appreciate the workshop because the result feels polished!",1
"Honestly, I love the service because the idea is genuinely useful!",1
"Today, I appreciate the workshop because the support was helpful.",1
"In my view, I avoid the setup because the experience was frustrating — really impressed.",0
"Today, I regret the new feature because the quality feels poor.",0
"Honestly, I regret this update because the delay was exhausting and I would use it again.",0
"Right now, I criticise the setup because it keeps failing and I would use it again.",0
"For me, I regret today's session because the quality feels poor.",0
"Today, I celebrate today's session because it made my day!",1
"Honestly, I celebrate today's session because the result feels polished.",1
"For me, I avoid the setup because the instructions were unclear and it needs improvement.",0
"Today, I praise the team because the result feels polished and I would use it again.",1
"Honestly, I enjoy this update because it works beautifully and I would use it again.",1
"Honestly, I doubt today's session because the result is disappointing #feedback",0
"Today, I regret the delivery because the instructions were unclear and I would use it again.",0
"Honestly, I regret the new feature because it keeps failing.",0
"Honestly, I recommend the service because the idea is genuinely useful!",1
"Honestly, I doubt the new feature because the instructions were unclear and it needs improvement.",0
"In my view, I dislike the new feature because the experience was frustrating #feedback",0
"Today, I appreciate today's session because it works beautifully — really impressed.",1
"Today, I celebrate today's session because it made my day — really impressed.",1
"Right now, I praise the service because it works beautifully.",1
"In my view, I appreciate the service because it works beautifully!",1
"Honestly, I doubt the service because it keeps failing and it needs improvement.",0
"After trying it, I praise the service because the support was helpful.",1
"For me, I avoid the service because the quality feels poor — really impressed.",0
"For me, I praise the service because it made my day!",1
"In my view, I love the team because the result feels polished — really impressed.",1
"Today, I dislike today's session because the quality feels poor and it needs improvement.",0
"Right now, I enjoy the workshop because the result feels polished — really impressed.",1
"Right now, I regret the service because it keeps failing.",0
"Right now, I praise this update because the experience was smooth!",1
"Honestly, I criticise the new feature because the quality feels poor — really impressed.",0
"In my view, I avoid today's session because it keeps failing.",0
"Right now, I appreciate the team because the experience was smooth and I would use it again.",1
"In my view, I regret the delivery because it keeps failing and I would use it again.",0
"Today, I criticise the setup because the instructions were unclear.",0
"For me, I regret this update because the quality feels poor — really impressed.",0
"Today, I doubt the setup because the result is disappointing and I would use it again.",0
"Honestly, I celebrate the team because the support was helpful!",1
"For me, I love the service because the experience was smooth.",1
"In my view, I love the team because it works beautifully.",1
"In my view, I recommend the workshop because it works beautifully!",1
"After trying it, I criticise this update because it keeps failing #feedback",0
"After trying it, I enjoy this update because the support was helpful — really impressed.",1
"Honestly, I celebrate the new feature because the support was helpful — really impressed.",1
"In my view, I love this update because the experience was smooth — really impressed.",1
"In my view, I doubt the service because the instructions were unclear.",0
"Right now, I regret the delivery because the quality feels poor — really impressed.",0
"For me, I criticise the new feature because the quality feels poor and it needs improvement.",0
"For me, I appreciate the team because the experience was smooth.",1
"Today, I appreciate this update because the result feels polished.",1
"Honestly, I appreciate the workshop because the support was helpful and I would use it again.",1
"In my view, I appreciate the workshop because the support was helpful.",1
"For me, I question today's session because it keeps failing and I would use it again.",0
"In my view, I criticise the delivery because the delay was exhausting #feedback",0
"Right now, I question this update because the result is disappointing.",0
"Right now, I enjoy today's session because the experience was smooth.",1
"Today, I love the new feature because the idea is genuinely useful!",1
"Today, I celebrate the workshop because the result feels polished!",1
"Honestly, I doubt the new feature because the instructions were unclear and it needs improvement.",0
"Today, I avoid the delivery because the result is disappointing.",0
"Right now, I avoid the setup because the quality feels poor.",0
"After trying it, I question today's session because the quality feels poor — really impressed.",0
"Right now, I recommend the workshop because it works beautifully!",1
"Today, I question the new feature because it keeps failing.",0
"Today, I love today's session because it made my day.",1
"In my view, I question the setup because it keeps failing and I would use it again.",0
"For me, I recommend the service because the idea is genuinely useful!",1
"Right now, I avoid this update because it keeps failing #feedback",0
"In my view, I love the service because the support was helpful.",1
"After trying it, I recommend the team because the support was helpful — really impressed.",1
"Today, I avoid this update because the result is disappointing — really impressed.",0
"Today, I question this update because the experience was frustrating — really impressed.",0
"After trying it, I recommend this update because the result feels polished — really impressed.",1
"Right now, I regret this update because the instructions were unclear — really impressed.",0
"For me, I criticise this update because the experience was frustrating #feedback",0
"Honestly, I recommend today's session because it works beautifully and I would use it again.",1
"After trying it, I criticise the setup because the result is disappointing — really impressed.",0
"Honestly, I love today's session because the support was helpful — really impressed.",1
"After trying it, I praise the new feature because the idea is genuinely useful!",1
"In my view, I praise today's session because the experience was smooth.",1
"In my view, I dislike this update because the result is disappointing #feedback",0
"In my view, I question the delivery because the experience was frustrating and I would use it again.",0
"For me, I love the service because it works beautifully.",1
"Today, I recommend this update because the support was helpful — really impressed.",1
"Right now, I question today's session because it keeps failing — really impressed.",0
"Honestly, I avoid this update because it keeps failing and I would use it again.",0
"Right now, I dislike this update because it keeps failing — really impressed.",0
"Today, I question the service because it keeps failing.",0
"In my view, I criticise today's session because the delay was exhausting and I would use it again.",0
"Right now, I doubt the new feature because the instructions were unclear #feedback",0
"Today, I regret today's session because it keeps failing — really impressed.",0
"Today, I avoid this update because the delay was exhausting and it needs improvement.",0
"Right now, I dislike the delivery because the instructions were unclear and it needs improvement.",0
"Today, I regret the delivery because the result is disappointing.",0
"After trying it, I celebrate today's session because the result feels polished!",1
"In my view, I criticise the new feature because the quality feels poor and it needs improvement.",0
"After trying it, I recommend the new feature because it made my day — really impressed.",1
"Right now, I enjoy the workshop because the support was helpful and I would use it again.",1
"Right now, I recommend this update because the result feels polished and I would use it again.",1
"For me, I doubt the new feature because it keeps failing.",0
"In my view, I enjoy this update because it made my day!",1
"Today, I criticise the service because the quality feels poor — really impressed.",0
"Honestly, I question the setup because the experience was frustrating and it needs improvement.",0
"After trying it, I celebrate the workshop because it made my day.",1
"Honestly, I appreciate the team because the idea is genuinely useful.",1
"After trying it, I criticise the setup because the delay was exhausting — really impressed.",0
"For me, I doubt the service because the delay was exhausting and I would use it again.",0
"In my view, I question today's session because the quality feels poor #feedback",0
"In my view, I celebrate this update because the support was helpful!",1
"For me, I question the delivery because it keeps failing.",0
"In my view, I love the new feature because the idea is genuinely useful — really impressed.",1
"After trying it, I avoid the setup because the instructions were unclear — really impressed.",0
"Honestly, I appreciate today's session because the experience was smooth.",1
"Honestly, I doubt the service because the experience was frustrating #feedback",0
"Honestly, I love the service because it made my day.",1
"Right now, I appreciate this update because the idea is genuinely useful.",1
"After trying it, I question today's session because the result is disappointing and I would use it again.",0
"Today, I praise the team because the support was helpful!",1
"Today, I criticise the delivery because it keeps failing and it needs improvement.",0
"In my view, I praise the team because the idea is genuinely useful and I would use it again.",1
"For me, I praise this update because the experience was smooth!",1
"After trying it, I love the service because the idea is genuinely useful.",1
"In my view, I celebrate the workshop because the idea is genuinely useful!",1
"Today, I recommend the service because it works beautifully — really impressed.",1
"For me, I recommend the team because the result feels polished and I would use it again.",1
"For me, I recommend the workshop because the support was helpful.",1
"After trying it, I dislike today's session because it keeps failing and I would use it again.",0
"Right now, I love the workshop because it made my day.",1
"For me, I criticise the new feature because the result is disappointing and it needs improvement.",0
"For me, I dislike the new feature because the quality feels poor and it needs improvement.",0
"Today, I recommend today's session because the result feels polished.",1
"After trying it, I appreciate today's session because the result feels polished and I would use it again.",1
"After trying it, I avoid this update because it keeps failing and I would use it again.",0
"After trying it, I appreciate today's session because it made my day — really impressed.",1
"Honestly, I doubt the setup because the instructions were unclear — really impressed.",0
"Today, I dislike the delivery because it keeps failing.",0
"In my view, I question the service because it keeps failing — really impressed.",0
"Honestly, I doubt the new feature because it keeps failing #feedback",0
"In my view, I praise today's session because it works beautifully.",1
"In my view, I avoid the setup because the instructions were unclear.",0
"After trying it, I enjoy this update because the result feels polished.",1
"For me, I appreciate the workshop because the experience was smooth.",1
"Honestly, I question the delivery because the quality feels poor #feedback",0
"Today, I doubt the delivery because the delay was exhausting and it needs improvement.",0
"Today, I recommend the new feature because the idea is genuinely useful and I would use it again.",1
"For me, I praise the service because it made my day.",1
"Today, I criticise the delivery because the experience was frustrating and I would use it again.",0
"For me, I enjoy the service because it made my day and I would use it again.",1
"Right now, I dislike the service because the experience was frustrating — really impressed.",0
"For me, I doubt the setup because the instructions were unclear.",0
"Today, I dislike the delivery because the experience was frustrating and it needs improvement.",0
"Right now, I avoid this update because the quality feels poor — really impressed.",0
"After trying it, I recommend the workshop because it made my day!",1
"Honestly, I appreciate the service because the support was helpful!",1
"Right now, I criticise the service because the instructions were unclear #feedback",0
"For me, I question the new feature because the quality feels poor.",0
"After trying it, I regret today's session because the quality feels poor and I would use it again.",0
"After trying it, I love the service because it made my day.",1
"In my view, I dislike today's session because the delay was exhausting — really impressed.",0
"Honestly, I celebrate this update because the result feels polished — really impressed.",1
"Today, I celebrate this update because it works beautifully and I would use it again.",1
"Right now, I appreciate the workshop because the experience was smooth and I would use it again.",1
"Right now, I recommend the workshop because the experience was smooth — really impressed.",1
"Right now, I celebrate the service because it made my day — really impressed.",1
"For me, I avoid the new feature because it keeps failing.",0
"Right now, I celebrate the new feature because it made my day and I would use it again.",1
"For me, I enjoy the service because the result feels polished — really impressed.",1
"In my view, I doubt the service because the instructions were unclear.",0
"After trying it, I regret today's session because the instructions were unclear and I would use it again.",0
"In my view, I doubt the service because the instructions were unclear and it needs improvement.",0
"Right now, I love the workshop because the experience was smooth and I would use it again.",1
"Right now, I celebrate the team because it made my day and I would use it again.",1
"Right now, I love the service because the experience was smooth!",1
"In my view, I enjoy this update because the support was helpful and I would use it again.",1
"Right now, I dislike today's session because the quality feels poor — really impressed.",0
"For me, I recommend today's session because the result feels polished.",1
"After trying it, I celebrate the team because the result feels polished and I would use it again.",1
"For me, I question the new feature because the experience was frustrating and I would use it again.",0
"For me, I doubt the new feature because the delay was exhausting and I would use it again.",0
"For me, I celebrate the team because it made my day.",1
"After trying it, I criticise the new feature because the result is disappointing — really impressed.",0
"Honestly, I criticise this update because the quality feels poor #feedback",0
"Today, I celebrate this update because the experience was smooth.",1
"Honestly, I question the delivery because the result is disappointing — really impressed.",0
"Today, I avoid this update because the quality feels poor and I would use it again.",0
"In my view, I praise this update because it made my day.",1
"In my view, I avoid today's session because the delay was exhausting — really impressed.",0
"Honestly, I celebrate this update because the result feels polished — really impressed.",1
"After trying it, I enjoy the new feature because it works beautifully.",1
"Right now, I love the workshop because the support was helpful and I would use it again.",1
"Today, I doubt today's session because the result is disappointing — really impressed.",0
"After trying it, I enjoy today's session because it made my day!",1
"Honestly, I recommend today's session because the experience was smooth.",1
"After trying it, I appreciate the workshop because it made my day!",1
"Today, I criticise the service because the result is disappointing — really impressed.",0
"Today, I praise the service because the idea is genuinely useful — really impressed.",1
"After trying it, I celebrate this update because the idea is genuinely useful — really impressed.",1
"After trying it, I question today's session because the quality feels poor and it needs improvement.",0
"In my view, I dislike the new feature because the quality feels poor — really impressed.",0
"Today, I recommend the team because the idea is genuinely useful.",1
"Right now, I praise today's session because it made my day and I would use it again.",1
"Honestly, I praise the service because it works beautifully and I would use it again.",1
"Right now, I enjoy the workshop because the support was helpful!",1
"For me, I appreciate this update because the support was helpful.",1
"Right now, I enjoy the service because it made my day and I would use it again.",1
"After trying it, I recommend today's session because it works beautifully!",1
"In my view, I love the new feature because the result feels polished and I would use it again.",1
"For me, I appreciate the new feature because the experience was smooth and I would use it again.",1
"Right now, I love the team because it made my day!",1
"Right now, I celebrate today's session because the support was helpful.",1
"After trying it, I criticise the delivery because the result is disappointing and it needs improvement.",0
"For me, I praise the workshop because it made my day.",1
"For me, I love the workshop because the support was helpful — really impressed.",1
"For me, I doubt the setup because the delay was exhausting and it needs improvement.",0
"After trying it, I doubt today's session because the instructions were unclear #feedback",0
"Right now, I appreciate today's session because the experience was smooth — really impressed.",1
"After trying it, I love the team because it made my day — really impressed.",1
"For me, I recommend the new feature because the experience was smooth — really impressed.",1
"After trying it, I question the setup because the quality feels poor and it needs improvement.",0
"Honestly, I regret this update because the quality feels poor and it needs improvement.",0
"Right now, I recommend the team because it works beautifully!",1
"In my view, I question today's session because the instructions were unclear and it needs improvement.",0
"After trying it, I celebrate today's session because the experience was smooth — really impressed.",1
"After trying it, I regret today's session because the instructions were unclear and I would use it again.",0
"Today, I enjoy the workshop because the idea is genuinely useful — really impressed.",1
"Honestly, I appreciate the workshop because the result feels polished.",1
"After trying it, I dislike this update because the instructions were unclear — really impressed.",0
"Today, I criticise the new feature because the experience was frustrating and it needs improvement.",0
"Right now, I regret the setup because the delay was exhausting #feedback",0
"In my view, I appreciate this update because the idea is genuinely useful.",1
"After trying it, I avoid the setup because the result is disappointing #feedback",0
"After trying it, I love the service because it works beautifully!",1
"In my view, I appreciate the service because the result feels polished — really impressed.",1
"For me, I question this update because the instructions were unclear and it needs improvement.",0
"After trying it, I regret the setup because the delay was exhausting.",0
"Today, I love the new feature because the idea is genuinely useful and I would use it again.",1
"Honestly, I criticise this update because it keeps failing #feedback",0
"Today, I praise the new feature because the experience was smooth.",1
"For me, I regret the delivery because the experience was frustrating — really impressed.",0
"After trying it, I enjoy the workshop because the idea is genuinely useful — really impressed.",1
"In my view, I enjoy today's session because it works beautifully — really impressed.",1
"For me, I dislike the new feature because the quality feels poor and it needs improvement.",0
"Honestly, I avoid the delivery because the experience was frustrating — really impressed.",0
"In my view, I love the service because it made my day and I would use it again.",1
"Right now, I question the new feature because the instructions were unclear and I would use it again.",0
"In my view, I question the new feature because the experience was frustrating #feedback",0
"Today, I regret the delivery because it keeps failing.",0
"For me, I avoid the service because the delay was exhausting.",0
"Today, I enjoy the new feature because it works beautifully.",1
"For me, I praise the new feature because it made my day.",1
"Right now, I appreciate the workshop because the idea is genuinely useful — really impressed.",1
"In my view, I criticise today's session because the experience was frustrating and I would use it again.",0
"In my view, I question the setup because the experience was frustrating and it needs improvement.",0
"After trying it, I praise the new feature because it works beautifully.",1
"After trying it, I recommend the workshop because the experience was smooth!",1
"For me, I praise the service because the result feels polished and I would use it again.",1
"Honestly, I enjoy the new feature because the result feels polished and I would use it again.",1
"Right now, I enjoy the new feature because the idea is genuinely useful and I would use it again.",1
"In my view, I regret the delivery because the result is disappointing #feedback",0
"Honestly, I question today's session because it keeps failing — really impressed.",0
"Honestly, I praise the service because the result feels polished!",1
"In my view, I avoid the setup because the experience was frustrating #feedback",0
"For me, I celebrate the team because the support was helpful!",1
"Today, I enjoy this update because it works beautifully and I would use it again.",1
"In my view, I praise the new feature because the support was helpful.",1
"In my view, I appreciate the service because the support was helpful and I would use it again.",1
"After trying it, I appreciate today's session because the idea is genuinely useful — really impressed.",1
"Honestly, I praise the workshop because the experience was smooth!",1
"Today, I regret the setup because the result is disappointing and I would use it again.",0
"Honestly, I criticise the delivery because the experience was frustrating and I would use it again.",0
"After trying it, I praise the new feature because the support was helpful.",1
"For me, I love the new feature because the experience was smooth and I would use it again.",1
"For me, I question this update because the result is disappointing and I would use it again.",0
"Honestly, I recommend the team because the support was helpful — really impressed.",1
"Today, I enjoy the service because the idea is genuinely useful — really impressed.",1
"For me, I regret the new feature because it keeps failing — really impressed.",0
"Honestly, I celebrate the team because it works beautifully — really impressed.",1
"Today, I love the new feature because the result feels polished.",1
"For me, I praise the service because it made my day — really impressed.",1
"Honestly, I love the new feature because the experience was smooth and I would use it again.",1
"Today, I criticise the service because the quality feels poor and it needs improvement.",0
"In my view, I recommend this update because the idea is genuinely useful.",1
"Honestly, I regret the delivery because the experience was frustrating.",0
"Honestly, I praise this update because the support was helpful.",1
"Right now, I celebrate the service because the support was helpful.",1
"Right now, I question the new feature because the experience was frustrating #feedback",0
"After trying it, I love the new feature because the experience was smooth — really impressed.",1
"After trying it, I question this update because the experience was frustrating and I would use it again.",0
"Honestly, I celebrate today's session because the result feels polished!",1
"Right now, I love today's session because it made my day.",1
"Right now, I doubt this update because the delay was exhausting #feedback",0
"Honestly, I love the team because the idea is genuinely useful and I would use it again.",1
"Honestly, I appreciate the workshop because it made my day!",1
"After trying it, I avoid today's session because the instructions were unclear and I would use it again.",0
"In my view, I criticise the new feature because it keeps failing — really impressed.",0
"In my view, I praise the new feature because the support was helpful.",1
"In my view, I doubt the setup because the result is disappointing.",0
"After trying it, I recommend the team because the support was helpful — really impressed.",1
"After trying it, I avoid the setup because the quality feels poor and it needs improvement.",0
"Honestly, I question the setup because the result is disappointing.",0
"Honestly, I criticise today's session because the instructions were unclear and I would use it again.",0
"Honestly, I recommend the new feature because it made my day!",1
"Today, I celebrate the workshop because the support was helpful.",1
"In my view, I regret today's session because the instructions were unclear and it needs improvement.",0
"For me, I doubt the new feature because the experience was frustrating #feedback",0
"Honestly, I appreciate today's session because the experience was smooth and I would use it again.",1
"After trying it, I recommend the service because the result feels polished and I would use it again.",1
"In my view, I enjoy the service because the idea is genuinely useful.",1
"In my view, I regret the setup because the result is disappointing and I would use it again.",0
"After trying it, I recommend the workshop because the experience was smooth.",1
"Today, I dislike today's session because the delay was exhausting.",0
"After trying it, I question the setup because the quality feels poor.",0
"In my view, I praise the new feature because the result feels polished!",1
"For me, I question this update because the quality feels poor and I would use it again.",0
"Honestly, I regret today's session because the result is disappointing and I would use it again.",0
"Today, I dislike the delivery because it keeps failing and I would use it again.",0
"Honestly, I praise the workshop because the support was helpful — really impressed.",1
"After trying it, I doubt the service because the experience was frustrating — really impressed.",0
"Today, I celebrate the workshop because it made my day — really impressed.",1
"Today, I celebrate the new feature because the experience was smooth!",1
"After trying it, I question today's session because it keeps failing and it needs improvement.",0
"In my view, I appreciate the new feature because the result feels polished!",1
"Today, I praise the workshop because the result feels polished — really impressed.",1
"In my view, I enjoy the workshop because it made my day.",1
"For me, I regret the setup because it keeps failing and it needs improvement.",0
"Honestly, I enjoy the new feature because it works beautifully.",1
"After trying it, I avoid the new feature because the instructions were unclear.",0
"Today, I doubt the delivery because the delay was exhausting #feedback",0
"Honestly, I criticise this update because the experience was frustrating #feedback",0
"In my view, I appreciate this update because the support was helpful — really impressed.",1
"After trying it, I dislike the setup because it keeps failing.",0
"After trying it, I avoid the setup because the instructions were unclear and it needs improvement.",0
"Honestly, I love the new feature because it made my day.",1
"After trying it, I love the workshop because the support was helpful.",1
"Honestly, I regret the new feature because the experience was frustrating #feedback",0
"After trying it, I dislike the service because the quality feels poor #feedback",0
"In my view, I regret today's session because the quality feels poor.",0
"For me, I enjoy the workshop because it works beautifully and I would use it again.",1
"Right now, I appreciate the service because it works beautifully.",1
"For me, I doubt the setup because the delay was exhausting — really impressed.",0
"For me, I criticise the setup because the delay was exhausting and I would use it again.",0
"Today, I celebrate the service because the result feels polished — really impressed.",1
"In my view, I praise this update because it works beautifully and I would use it again.",1
"After trying it, I appreciate the workshop because it made my day.",1
"Honestly, I celebrate the new feature because the result feels polished.",1
"Honestly, I avoid the new feature because the experience was frustrating #feedback",0
"Today, I love this update because it made my day — really impressed.",1
"In my view, I enjoy the workshop because the support was helpful!",1
"Today, I recommend the new feature because the support was helpful — really impressed.",1
"In my view, I celebrate the team because the support was helpful and I would use it again.",1
"Right now, I dislike this update because the quality feels poor and it needs improvement.",0
"Right now, I celebrate today's session because it works beautifully.",1
"Honestly, I recommend this update because the result feels polished and I would use it again.",1
"For me, I appreciate the workshop because the result feels polished!",1
"After trying it, I doubt the setup because the delay was exhausting.",0
"After trying it, I regret the service because it keeps failing and it needs improvement.",0
"In my view, I praise this update because it made my day — really impressed.",1
"After trying it, I appreciate this update because the experience was smooth and I would use it again.",1
"Today, I criticise the service because the quality feels poor #feedback",0
"Honestly, I recommend today's session because it works beautifully!",1
"For me, I enjoy the workshop because the idea is genuinely useful!",1
"In my view, I praise the workshop because the result feels polished!",1
"Honestly, I question the delivery because it keeps failing #feedback",0
"In my view, I regret the setup because the experience was frustrating #feedback",0
"After trying it, I celebrate the service because the result feels polished!",1
"Right now, I doubt this update because the experience was frustrating and I would use it again.",0
"In my view, I enjoy the workshop because the result feels polished and I would use it again.",1
"Honestly, I enjoy the workshop because it works beautifully.",1
"Honestly, I praise this update because it works beautifully.",1
"Today, I love the team because the idea is genuinely useful — really impressed.",1
"Today, I celebrate the workshop because it made my day!",1
"Today, I question the delivery because the result is disappointing.",0
"Right now, I love the team because the idea is genuinely useful!",1
"Today, I love today's session because the support was helpful — really impressed.",1
"Right now, I recommend the workshop because the support was helpful — really impressed.",1
"Today, I question the new feature because it keeps failing and it needs improvement.",0
"Right now, I doubt today's session because it keeps failing and I would use it again.",0
"In my view, I love this update because the experience was smooth and I would use it again.",1
"Honestly, I appreciate today's session because the support was helpful.",1
"In my view, I enjoy the new feature because the result feels polished!",1
"For me, I question the new feature because the instructions were unclear and it needs improvement.",0
"After trying it, I regret this update because it keeps failing #feedback",0
"After trying it, I celebrate the service because the support was helpful!",1
"Right now, I doubt this update because the result is disappointing and I would use it again.",0
"For me, I dislike the setup because the result is disappointing #feedback",0
"Honestly, I question the delivery because the experience was frustrating — really impressed.",0
"Honestly, I appreciate today's session because the idea is genuinely useful — really impressed.",1
"Today, I celebrate the team because the result feels polished!",1
"After trying it, I criticise today's session because the instructions were unclear #feedback",0
"For me, I dislike today's session because the experience was frustrating.",0
"After trying it, I avoid today's session because the instructions were unclear and I would use it again.",0
"Right now, I love the service because the result feels polished and I would use it again.",1
"For me, I question the setup because the experience was frustrating and I would use it again.",0
"For me, I criticise the new feature because the instructions were unclear and I would use it again.",0
"After trying it, I appreciate the workshop because it made my day!",1
"For me, I dislike the new feature because the delay was exhausting #feedback",0
"Honestly, I avoid today's session because the result is disappointing and it needs improvement.",0
"Today, I recommend today's session because the support was helpful!",1
"For me, I dislike the setup because it keeps failing — really impressed.",0
"For me, I regret today's session because the result is disappointing — really impressed.",0
"After trying it, I recommend the team because it works beautifully.",1
"For me, I doubt the new feature because the experience was frustrating.",0
"Right now, I criticise the service because the quality feels poor and it needs improvement.",0
"Honestly, I celebrate the team because the support was helpful and I would use it again.",1
"Today, I celebrate today's session because the result feels polished — really impressed.",1
"Right now, I celebrate the workshop because the support was helpful — really impressed.",1
"Honestly, I doubt the setup because the delay was exhausting — really impressed.",0
"Right now, I love the workshop because it made my day and I would use it again.",1
"Honestly, I praise the workshop because the result feels polished!",1
"After trying it, I avoid this update because the experience was frustrating.",0
"For me, I avoid the service because the result is disappointing and I would use it again.",0
"After trying it, I criticise this update because the delay was exhausting and I would use it again.",0
"In my view, I criticise the new feature because the quality feels poor and it needs improvement.",0
"In my view, I appreciate the team because it made my day.",1
"Today, I doubt the service because it keeps failing — really impressed.",0
"Today, I avoid the new feature because the instructions were unclear and it needs improvement.",0
"In my view, I appreciate this update because it works beautifully.",1
"In my view, I praise the new feature because the result feels polished — really impressed.",1
"For me, I dislike the delivery because the instructions were unclear and it needs improvement.",0
"Right now, I praise the team because the result feels polished and I would use it again.",1
"After trying it, I celebrate the service because the support was helpful — really impressed.",1
"For me, I question the setup because the result is disappointing #feedback",0
"In my view, I love this update because it works beautifully — really impressed.",1
"Honestly, I praise this update because the idea is genuinely useful.",1
"In my view, I recommend this update because the idea is genuinely useful and I would use it again.",1
"Honestly, I regret the service because it keeps failing and I would use it again.",0
"For me, I appreciate this update because the result feels polished — really impressed.",1
"Right now, I praise the team because the support was helpful!",1
"In my view, I enjoy today's session because the experience was smooth and I would use it again.",1
"Today, I doubt the setup because it keeps failing and it needs improvement.",0
"After trying it, I dislike the new feature because the quality feels poor and it needs improvement.",0
"Honestly, I avoid this update because the quality feels poor.",0
"For me, I regret this update because the instructions were unclear and it needs improvement.",0
"Honestly, I recommend the new feature because the experience was smooth.",1
"In my view, I love this update because the result feels polished.",1
"Today, I recommend today's session because the support was helpful.",1
"For me, I criticise the delivery because the delay was exhausting #feedback",0
"For me, I doubt today's session because the instructions were unclear.",0
"In my view, I doubt this update because the result is disappointing and it needs improvement.",0
"For me, I question the delivery because the result is disappointing and it needs improvement.",0
"Honestly, I avoid the delivery because the delay was exhausting #feedback",0
"Honestly, I doubt today's session because the experience was frustrating and it needs improvement.",0
"In my view, I criticise the delivery because the result is disappointing — really impressed.",0
"Honestly, I avoid the new feature because the result is disappointing — really impressed.",0
"After trying it, I enjoy the new feature because the result feels polished.",1
"Honestly, I enjoy the workshop because the idea is genuinely useful and I would use it again.",1
"For me, I doubt today's session because the result is disappointing and it needs improvement.",0
"After trying it, I praise this update because it made my day!",1
"Honestly, I enjoy the new feature because the idea is genuinely useful — really impressed.",1
"In my view, I criticise the new feature because the delay was exhausting and I would use it again.",0
"Honestly, I celebrate the service because the support was helpful — really impressed.",1
"Today, I dislike the setup because the delay was exhausting #feedback",0
"Right now, I question the new feature because the experience was frustrating #feedback",0
"For me, I celebrate the service because the idea is genuinely useful!",1
"Today, I appreciate the workshop because the idea is genuinely useful.",1
"After trying it, I celebrate this update because it made my day.",1
"Today, I love the service because the idea is genuinely useful and I would use it again.",1
"In my view, I doubt today's session because the quality feels poor #feedback",0
"For me, I enjoy the workshop because it works beautifully!",1
"Today, I celebrate the new feature because the result feels polished — really impressed.",1
"In my view, I enjoy the workshop because the experience was smooth — really impressed.",1
"In my view, I praise today's session because the experience was smooth — really impressed.",1
"Today, I praise the team because it made my day.",1
"For me, I celebrate the new feature because it works beautifully and I would use it again.",1
"After trying it, I love the service because the result feels polished — really impressed.",1
"Honestly, I appreciate this update because the support was helpful — really impressed.",1
"In my view, I love the service because the experience was smooth.",1
"In my view, I avoid today's session because the instructions were unclear #feedback",0
"Today, I dislike the new feature because the quality feels poor #feedback",0
"In my view, I criticise the new feature because it keeps failing — really impressed.",0
"For me, I criticise this update because the delay was exhausting and I would use it again.",0
"For me, I recommend the team because it made my day — really impressed.",1
"After trying it, I regret the service because the experience was frustrating #feedback",0
"Today, I enjoy this update because the experience was smooth!",1
"Right now, I enjoy the workshop because the result feels polished and I would use it again.",1
"Today, I celebrate this update because the result feels polished and I would use it again.",1
"In my view, I question this update because the experience was frustrating.",0
"For me, I doubt the setup because the instructions were unclear and it needs improvement.",0
"In my view, I celebrate the service because it works beautifully and I would use it again.",1
"Right now, I question today's session because the result is disappointing #feedback",0
"Today, I doubt the service because the experience was frustrating #feedback",0
"Honestly, I doubt the service because the experience was frustrating.",0
"Honestly, I doubt the service because it keeps failing — really impressed.",0
"Today, I recommend the workshop because the result feels polished.",1
"After trying it, I avoid the setup because the instructions were unclear and I would use it again.",0
"After trying it, I avoid this update because it keeps failing and I would use it again.",0
"For me, I love this update because the idea is genuinely useful and I would use it again.",1
"After trying it, I love this update because it made my day — really impressed.",1
"In my view, I love the team because it works beautifully — really impressed.",1
"Today, I appreciate the new feature because the result feels polished and I would use it again.",1
"After trying it, I celebrate the service because it works beautifully!",1
"After trying it, I love today's session because it works beautifully!",1
"After trying it, I appreciate the team because the idea is genuinely useful.",1
"After trying it, I recommend the new feature because the experience was smooth.",1
"Honestly, I regret this update because the delay was exhausting.",0
"Right now, I enjoy the service because the result feels polished.",1
"In my view, I recommend the team because the idea is genuinely useful.",1
"For me, I doubt the delivery because the instructions were unclear #feedback",0
"For me, I criticise the setup because the quality feels poor and it needs improvement.",0
"Right now, I recommend the team because the result feels polished!",1
"In my view, I criticise today's session because it keeps failing — really impressed.",0
"In my view, I question the new feature because the instructions were unclear.",0
"Honestly, I doubt the delivery because the delay was exhausting and I would use it again.",0
"In my view, I dislike the setup because it keeps failing and I would use it again.",0
"In my view, I avoid today's session because it keeps failing and I would use it again.",0
"Honestly, I dislike this update because the instructions were unclear and I would use it again.",0
"For me, I regret the delivery because it keeps failing.",0
"Today, I dislike today's session because the quality feels poor.",0
"For me, I recommend the workshop because the idea is genuinely useful and I would use it again.",1
"Honestly, I enjoy the team because the support was helpful!",1
"In my view, I recommend today's session because the support was helpful.",1
"Right now, I question the new feature because the instructions were unclear and I would use it again.",0
"Today, I question today's session because the instructions were unclear and I would use it again.",0
"Right now, I dislike the service because the instructions were unclear #feedback",0
"Today, I question the new feature because the quality feels poor.",0
"Right now, I dislike today's session because the experience was frustrating #feedback",0
"Today, I praise this update because the idea is genuinely useful and I would use it again.",1
"Right now, I dislike the setup because it keeps failing and I would use it again.",0
"Honestly, I regret the setup because it keeps failing and I would use it again.",0
"In my view, I avoid the service because the delay was exhausting.",0
"Honestly, I recommend the new feature because it made my day and I would use it again.",1
"Today, I doubt today's session because the quality feels poor and I would use it again.",0
"After trying it, I dislike the delivery because the quality feels poor and it needs improvement.",0
"For me, I celebrate today's session because it works beautifully!",1
"In my view, I question the service because the quality feels poor.",0
"Today, I celebrate this update because the support was helpful.",1
"After trying it, I dislike the setup because the experience was frustrating #feedback",0
"In my view, I appreciate the new feature because the support was helpful — really impressed.",1
"In my view, I enjoy the team because the result feels polished and I would use it again.",1
"Right now, I criticise the setup because it keeps failing and I would use it again.",0
"Right now, I question the new feature because the delay was exhausting #feedback",0
"Today, I avoid the service because the delay was exhausting and I would use it again.",0
"After trying it, I celebrate the workshop because the support was helpful — really impressed.",1
"For me, I regret this update because the delay was exhausting and it needs improvement.",0
"Today, I regret today's session because the quality feels poor.",0
"Today, I celebrate the workshop because the idea is genuinely useful.",1
"After trying it, I question this update because the delay was exhausting #feedback",0
"Right now, I question this update because the experience was frustrating and it needs improvement.",0
"Today, I enjoy the team because the experience was smooth — really impressed.",1
"Honestly, I avoid the setup because the quality feels poor and I would use it again.",0
"After trying it, I love today's session because it works beautifully and I would use it again.",1
"Honestly, I recommend the new feature because the experience was smooth!",1
"Right now, I love the service because the idea is genuinely useful!",1
"For me, I regret the service because the delay was exhausting.",0
"Today, I celebrate the workshop because the idea is genuinely useful and I would use it again.",1
"In my view, I appreciate this update because it works beautifully.",1
"In my view, I regret the new feature because the delay was exhausting and I would use it again.",0
"In my view, I criticise today's session because the instructions were unclear — really impressed.",0
"For me, I celebrate the team because the result feels polished!",1
"Today, I avoid the delivery because it keeps failing.",0
"For me, I celebrate the workshop because the experience was smooth.",1
"For me, I doubt the service because the experience was frustrating #feedback",0
"Honestly, I avoid the setup because the quality feels poor and I would use it again.",0
"Honestly, I love this update because the support was helpful — really impressed.",1
"Right now, I avoid today's session because the instructions were unclear and it needs improvement.",0
"Right now, I question the service because the instructions were unclear.",0
"Honestly, I love today's session because the idea is genuinely useful!",1
"Right now, I avoid the service because the result is disappointing and I would use it again.",0
"Right now, I appreciate the team because the result feels polished and I would use it again.",1
"Today, I doubt the service because the result is disappointing and it needs improvement.",0
"Today, I recommend this update because it works beautifully — really impressed.",1
"Today, I appreciate this update because it works beautifully — really impressed.",1
"Today, I doubt the service because the experience was frustrating — really impressed.",0
"Right now, I avoid the setup because the quality feels poor and I would use it again.",0
"In my view, I dislike this update because the quality feels poor and I would use it again.",0
"Honestly, I criticise the setup because the result is disappointing and I would use it again.",0
"Honestly, I recommend today's session because the experience was smooth and I would use it again.",1
"After trying it, I celebrate the workshop because the support was helpful — really impressed.",1
"Honestly, I dislike the new feature because the delay was exhausting.",0
"Today, I recommend the service because it made my day.",1
"In my view, I celebrate today's session because the experience was smooth.",1
"For me, I enjoy the service because the result feels polished — really impressed.",1
"In my view, I question the delivery because the delay was exhausting and it needs improvement.",0
"In my view, I appreciate this update because it works beautifully.",1
"For me, I appreciate the service because the idea is genuinely useful — really impressed.",1
"For me, I doubt the setup because the result is disappointing.",0
"After trying it, I avoid the delivery because the quality feels poor.",0
"Right now, I praise the new feature because the experience was smooth — really impressed.",1
"Today, I avoid the new feature because it keeps failing.",0
"Honestly, I doubt the new feature because the result is disappointing and I would use it again.",0
"After trying it, I dislike today's session because the instructions were unclear.",0
"Honestly, I question the delivery because the delay was exhausting.",0
"Today, I enjoy the team because the result feels polished!",1
"For me, I regret today's session because the delay was exhausting #feedback",0
"In my view, I criticise today's session because the experience was frustrating.",0
"Today, I celebrate today's session because the idea is genuinely useful.",1
"Right now, I criticise the delivery because the experience was frustrating — really impressed.",0
"Honestly, I appreciate this update because the experience was smooth — really impressed.",1
"After trying it, I dislike today's session because the result is disappointing — really impressed.",0
"In my view, I enjoy the team because the support was helpful and I would use it again.",1
"After trying it, I dislike the setup because the result is disappointing #feedback",0
"For me, I enjoy the team because the experience was smooth.",1
"Today, I avoid the setup because the instructions were unclear and it needs improvement.",0
"In my view, I criticise this update because the instructions were unclear — really impressed.",0
"In my view, I dislike today's session because the result is disappointing — really impressed.",0
"Right now, I appreciate today's session because it made my day — really impressed.",1
"In my view, I avoid the delivery because the delay was exhausting — really impressed.",0
"For me, I appreciate the new feature because the result feels polished.",1
"For me, I enjoy the team because it made my day.",1
"For me, I enjoy the workshop because it made my day — really impressed.",1
"Today, I enjoy the workshop because the idea is genuinely useful.",1
"Today, I love this update because the idea is genuinely useful.",1
"Honestly, I doubt the service because the result is disappointing #feedback",0
"In my view, I avoid the service because it keeps failing.",0
"In my view, I recommend this update because the support was helpful — really impressed.",1
"In my view, I doubt this update because the quality feels poor.",0
"In my view, I dislike today's session because the delay was exhausting and I would use it again.",0
"After trying it, I praise the team because the idea is genuinely useful.",1
"Honestly, I regret the service because the delay was exhausting #feedback",0
"Honestly, I avoid today's session because the result is disappointing and it needs improvement.",0
"For me, I criticise the setup because the instructions were unclear.",0
"Honestly, I doubt the new feature because the result is disappointing.",0
"Today, I recommend today's session because it works beautifully — really impressed.",1
"Honestly, I regret the setup because the instructions were unclear and it needs improvement.",0
"In my view, I question today's session because the delay was exhausting.",0
"Honestly, I recommend the workshop because the idea is genuinely useful!",1
"After trying it, I celebrate the workshop because the support was helpful!",1
"After trying it, I dislike this update because the instructions were unclear.",0
"Right now, I criticise the delivery because the experience was frustrating and it needs improvement.",0
"In my view, I dislike this update because the delay was exhausting.",0
"Today, I avoid the setup because the delay was exhausting and I would use it again.",0
"Honestly, I recommend the service because it works beautifully!",1
"For me, I dislike the new feature because the experience was frustrating.",0
"Today, I recommend the workshop because the support was helpful.",1
"Honestly, I love the service because the experience was smooth — really impressed.",1
"Today, I love this update because the result feels polished and I would use it again.",1
"For me, I regret the delivery because it keeps failing #feedback",0
"Today, I criticise this update because the result is disappointing and I would use it again.",0
"For me, I dislike the setup because the instructions were unclear — really impressed.",0
"For me, I avoid the delivery because the instructions were unclear and it needs improvement.",0
"For me, I question today's session because the result is disappointing and I would use it again.",0
"After trying it, I love the service because the result feels polished and I would use it again.",1
"For me, I love today's session because the experience was smooth!",1
"After trying it, I appreciate the team because the support was helpful.",1
"Honestly, I question the delivery because the result is disappointing and I would use it again.",0
"Honestly, I avoid this update because the quality feels poor #feedback",0
"After trying it, I enjoy the new feature because the experience was smooth and I would use it again.",1
"In my view, I celebrate today's session because it made my day — really impressed.",1
"Today, I regret today's session because the instructions were unclear.",0
"Today, I regret today's session because the instructions were unclear and I would use it again.",0
"Today, I regret the delivery because the result is disappointing — really impressed.",0
"For me, I avoid today's session because the experience was frustrating — really impressed.",0
"Honestly, I doubt today's session because the instructions were unclear and I would use it again.",0
"Honestly, I enjoy the workshop because it made my day!",1
"Today, I question the new feature because the result is disappointing — really impressed.",0
"Right now, I praise this update because the result feels polished!",1
"Honestly, I love today's session because the support was helpful!",1
"Honestly, I enjoy the new feature because the experience was smooth and I would use it again.",1
"For me, I celebrate the team because it works beautifully and I would use it again.",1
"Today, I praise the team because it made my day!",1
"Honestly, I doubt the new feature because the quality feels poor #feedback",0
"In my view, I regret the new feature because it keeps failing and it needs improvement.",0
"In my view, I doubt the delivery because the instructions were unclear.",0
"For me, I question the service because it keeps failing #feedback",0
"In my view, I regret the new feature because the instructions were unclear and I would use it again.",0
"Honestly, I recommend the team because the idea is genuinely useful!",1
"For me, I praise the team because it made my day and I would use it again.",1
"In my view, I enjoy this update because the support was helpful — really impressed.",1
"Today, I appreciate this update because the result feels polished — really impressed.",1
"After trying it, I enjoy today's session because it works beautifully.",1
"For me, I criticise this update because the instructions were unclear — really impressed.",0
"Right now, I appreciate the service because it made my day — really impressed.",1
"Right now, I recommend the team because the support was helpful!",1
"Today, I question this update because the instructions were unclear and I would use it again.",0
"Today, I doubt the new feature because the result is disappointing — really impressed.",0
"For me, I love the new feature because the idea is genuinely useful!",1
"Honestly, I love the workshop because the idea is genuinely useful.",1
"Today, I question today's session because the instructions were unclear and it needs improvement.",0
"For me, I love the workshop because the result feels polished and I would use it again.",1
"In my view, I praise this update because the support was helpful and I would use it again.",1
"Honestly, I enjoy the team because it works beautifully.",1
"For me, I love this update because the support was helpful.",1
"For me, I appreciate the workshop because it made my day!",1
"Right now, I regret the setup because the quality feels poor and it needs improvement.",0
"After trying it, I regret the setup because the delay was exhausting — really impressed.",0
"Today, I dislike the new feature because the instructions were unclear.",0
"Honestly, I recommend the new feature because the result feels polished!",1
"Today, I praise the team because the support was helpful!",1
"Today, I regret the new feature because the delay was exhausting and it needs improvement.",0
"Right now, I praise the team because it made my day and I would use it again.",1
"After trying it, I dislike this update because the experience was frustrating and I would use it again.",0
"For me, I celebrate the new feature because it made my day!",1
"After trying it, I enjoy the workshop because the experience was smooth — really impressed.",1
"Right now, I love the team because the support was helpful and I would use it again.",1
"In my view, I criticise the service because it keeps failing.",0
"Honestly, I praise today's session because the idea is genuinely useful and I would use it again.",1
"After trying it, I enjoy the service because the idea is genuinely useful.",1
"For me, I recommend the team because the experience was smooth — really impressed.",1
"Honestly, I enjoy this update because it made my day — really impressed.",1
"Right now, I dislike the setup because the quality feels poor.",0
"Honestly, I dislike the service because the result is disappointing.",0
"Today, I enjoy the workshop because the support was helpful — really impressed.",1
"After trying it, I question the new feature because the quality feels poor and I would use it again.",0
"In my view, I appreciate the team because it works beautifully.",1
"In my view, I love today's session because it made my day!",1
"Right now, I doubt the setup because the experience was frustrating — really impressed.",0
"In my view, I enjoy the new feature because it made my day!",1
"Honestly, I avoid the new feature because the delay was exhausting and it needs improvement.",0
"Honestly, I question the service because the quality feels poor and it needs improvement.",0
"Honestly, I appreciate this update because it made my day.",1
"In my view, I recommend the new feature because the experience was smooth — really impressed.",1
"Today, I appreciate this update because the idea is genuinely useful and I would use it again.",1
"For me, I question the delivery because the delay was exhausting.",0
"Right now, I love the workshop because it works beautifully.",1
"For me, I praise the workshop because the idea is genuinely useful!",1
"Right now, I enjoy the service because the result feels polished!",1
"Honestly, I avoid this update because the result is disappointing and it needs improvement.",0
"After trying it, I praise the workshop because it made my day!",1
"In my view, I love the workshop because the idea is genuinely useful — really impressed.",1
"Honestly, I celebrate the new feature because the idea is genuinely useful — really impressed.",1
"Today, I criticise this update because the instructions were unclear and it needs improvement.",0
"After trying it, I appreciate the workshop because it made my day.",1
"For me, I question this update because the instructions were unclear.",0
"In my view, I recommend today's session because the experience was smooth!",1
"For me, I question the service because it keeps failing.",0
"In my view, I recommend the team because it works beautifully — really impressed.",1
"Today, I criticise the setup because the instructions were unclear and I would use it again.",0
"For me, I regret this update because the delay was exhausting #feedback",0
"After trying it, I love the workshop because the idea is genuinely useful.",1
"Today, I avoid the setup because the delay was exhausting and I would use it again.",0
"Honestly, I dislike the service because the result is disappointing and it needs improvement.",0
"In my view, I enjoy the service because the support was helpful and I would use it again.",1
"Honestly, I love the service because the idea is genuinely useful and I would use it again.",1
"In my view, I celebrate this update because it works beautifully!",1
"For me, I regret the setup because the result is disappointing and I would use it again.",0
"Right now, I enjoy the new feature because it works beautifully!",1
"Right now, I doubt the service because the delay was exhausting #feedback",0
"For me, I criticise today's session because the result is disappointing and I would use it again.",0
"Right now, I criticise this update because the instructions were unclear and it needs improvement.",0
"Honestly, I love the service because it made my day — really impressed.",1
"After trying it, I avoid today's session because the delay was exhausting and I would use it again.",0
"Today, I criticise today's session because the result is disappointing #feedback",0
"Right now, I praise this update because it works beautifully and I would use it again.",1
"For me, I love the new feature because the result feels polished.",1
"Right now, I love this update because the support was helpful — really impressed.",1
"Right now, I criticise the service because it keeps failing — really impressed.",0
"Today, I celebrate the service because the idea is genuinely useful!",1
"Right now, I avoid today's session because the result is disappointing and it needs improvement.",0
"Today, I recommend the team because it works beautifully — really impressed.",1
"Honestly, I recommend the new feature because the experience was smooth — really impressed.",1
"For me, I avoid the new feature because the instructions were unclear.",0
"After trying it, I doubt the delivery because the quality feels poor #feedback",0
"For me, I avoid the service because the experience was frustrating #feedback",0
"In my view, I recommend the team because the support was helpful.",1
"Right now, I criticise the new feature because it keeps failing — really impressed.",0
"For me, I love the team because the result feels polished.",1
"For me, I regret this update because the experience was frustrating and it needs improvement.",0
"For me, I question the setup because it keeps failing #feedback",0
"In my view, I avoid the setup because the result is disappointing and I would use it again.",0
"After trying it, I enjoy the service because the experience was smooth.",1
"Right now, I recommend the service because the idea is genuinely useful!",1
"Right now, I enjoy the team because the result feels polished and I would use it again.",1
"For me, I doubt today's session because the result is disappointing and I would use it again.",0
"Today, I doubt the service because the result is disappointing — really impressed.",0
"For me, I regret the new feature because the experience was frustrating #feedback",0
"For me, I question this update because the experience was frustrating and I would use it again.",0
"Right now, I criticise the setup because it keeps failing and it needs improvement.",0
"Right now, I regret the setup because the result is disappointing #feedback",0
"For me, I enjoy the workshop because the support was helpful — really impressed.",1
"Right now, I appreciate the team because the idea is genuinely useful!",1
"Right now, I praise today's session because the result feels polished and I would use it again.",1
"Today, I recommend the workshop because the experience was smooth.",1
"For me, I enjoy the workshop because the experience was smooth.",1
"After trying it, I criticise this update because it keeps failing and I would use it again.",0
"Today, I appreciate the workshop because it made my day — really impressed.",1
"Today, I regret the service because it keeps failing — really impressed.",0
"In my view, I celebrate this update because the result feels polished!",1
"Right now, I enjoy today's session because the support was helpful — really impressed.",1
"Right now, I praise the workshop because the support was helpful and I would use it again.",1
"Right now, I enjoy the new feature because the experience was smooth — really impressed.",1
"Honestly, I love the workshop because it works beautifully.",1
"In my view, I regret today's session because the experience was frustrating #feedback",0
"After trying it, I doubt the service because it keeps failing.",0
"After trying it, I avoid the service because the experience was frustrating.",0
"After trying it, I enjoy this update because the experience was smooth.",1
"After trying it, I dislike this update because the instructions were unclear and it needs improvement.",0
"Today, I recommend today's session because the experience was smooth and I would use it again.",1
"For me, I appreciate the team because the idea is genuinely useful!",1
"Honestly, I avoid the setup because the delay was exhausting #feedback",0
"For me, I praise this update because it made my day — really impressed.",1
"Right now, I praise the service because the result feels polished — really impressed.",1
"In my view, I love the workshop because the support was helpful!",1
"Today, I love the new feature because the result feels polished — really impressed.",1
"Honestly, I recommend this update because the support was helpful — really impressed.",1
"After trying it, I regret today's session because the quality feels poor.",0
"In my view, I celebrate the team because it made my day and I would use it again.",1
"For me, I enjoy the workshop because the support was helpful.",1
"Honestly, I recommend this update because the idea is genuinely useful.",1
"After trying it, I question the new feature because the quality feels poor and it needs improvement.",0
"For me, I enjoy the service because it made my day.",1
"Today, I criticise the delivery because the experience was frustrating #feedback",0
"In my view, I doubt the new feature because the delay was exhausting and I would use it again.",0
"Today, I question this update because the result is disappointing — really impressed.",0
"After trying it, I enjoy the team because the experience was smooth.",1
"Right now, I question the setup because the quality feels poor and I would use it again.",0
"Honestly, I love the service because the idea is genuinely useful and I would use it again.",1
"Today, I question the delivery because it keeps failing and it needs improvement.",0
"After trying it, I question today's session because the instructions were unclear and it needs improvement.",0
"In my view, I appreciate today's session because it works beautifully!",1
"Honestly, I avoid today's session because the result is disappointing and it needs improvement.",0
"Honestly, I question the setup because the experience was frustrating.",0
"In my view, I question today's session because it keeps failing and it needs improvement.",0
"Right now, I dislike the service because it keeps failing #feedback",0
"Honestly, I love the team because it works beautifully — really impressed.",1
"Honestly, I celebrate the service because the support was helpful!",1
"Honestly, I love the new feature because the experience was smooth.",1
"Honestly, I appreciate today's session because the idea is genuinely useful.",1
"In my view, I praise the team because the experience was smooth!",1
"After trying it, I appreciate the workshop because the experience was smooth.",1
"Today, I recommend this update because the support was helpful!",1
"Honestly, I doubt the service because it keeps failing and it needs improvement.",0
"In my view, I criticise the setup because the delay was exhausting — really impressed.",0
"For me, I doubt the delivery because the result is disappointing #feedback",0
"Today, I celebrate the new feature because the result feels polished.",1
"For me, I question the new feature because the quality feels poor #feedback",0
"Right now, I avoid today's session because the quality feels poor #feedback",0
"Today, I celebrate today's session because the support was helpful.",1
"Right now, I regret the delivery because the instructions were unclear #feedback",0
"In my view, I dislike the new feature because it keeps failing and I would use it again.",0
"For me, I recommend this update because the idea is genuinely useful!",1
"Right now, I criticise this update because the delay was exhausting — really impressed.",0
"In my view, I enjoy today's session because it made my day!",1
"After trying it, I celebrate the new feature because it made my day and I would use it again.",1
"In my view, I appreciate the new feature because it works beautifully — really impressed.",1
"After trying it, I appreciate the new feature because the experience was smooth!",1
"Right now, I avoid the setup because it keeps failing — really impressed.",0
"Honestly, I enjoy the team because the result feels polished — really impressed.",1
"After trying it, I regret this update because the instructions were unclear and I would use it again.",0
"Right now, I celebrate the service because it works beautifully.",1
"After trying it, I question the setup because the quality feels poor — really impressed.",0
"Right now, I love this update because the result feels polished.",1
"Honestly, I appreciate today's session because the support was helpful.",1
"For me, I question today's session because the quality feels poor and it needs improvement.",0
"For me, I question the setup because the result is disappointing and I would use it again.",0
"After trying it, I celebrate the new feature because the result feels polished!",1
"For me, I recommend the service because the support was helpful and I would use it again.",1
"Honestly, I love the service because the experience was smooth and I would use it again.",1
"In my view, I recommend the team because the support was helpful and I would use it again.",1
"Right now, I criticise the delivery because it keeps failing and it needs improvement.",0
"Right now, I appreciate the workshop because it works beautifully.",1
"Right now, I appreciate this update because the support was helpful!",1
"Right now, I doubt the service because the result is disappointing #feedback",0
"Honestly, I doubt the setup because the delay was exhausting — really impressed.",0
"After trying it, I recommend the new feature because the support was helpful — really impressed.",1
"Right now, I enjoy this update because the support was helpful.",1
"Right now, I enjoy today's session because the support was helpful — really impressed.",1
"Right now, I doubt the setup because it keeps failing — really impressed.",0
"In my view, I question the setup because it keeps failing #feedback",0
"Today, I criticise the delivery because the delay was exhausting — really impressed.",0
"After trying it, I recommend this update because it works beautifully.",1
"After trying it, I regret the new feature because the quality feels poor #feedback",0
"Today, I enjoy the team because the support was helpful!",1
"Right now, I dislike this update because the instructions were unclear — really impressed.",0
"After trying it, I question the delivery because it keeps failing and it needs improvement.",0
"Honestly, I avoid the delivery because the quality feels poor and I would use it again.",0
"For me, I praise the team because the result feels polished!",1
"In my view, I enjoy this update because the result feels polished — really impressed.",1
"Today, I regret this update because the quality feels poor.",0
"In my view, I avoid this update because it keeps failing — really impressed.",0
"Right now, I enjoy the service because the idea is genuinely useful — really impressed.",1
"After trying it, I avoid today's session because the quality feels poor #feedback",0
"After trying it, I love this update because the idea is genuinely useful!",1
"Today, I avoid the setup because it keeps failing — really impressed.",0
"Today, I question this update because the result is disappointing #feedback",0
"Right now, I regret the service because the delay was exhausting #feedback",0
"Today, I avoid the setup because the result is disappointing.",0
"Today, I recommend the workshop because it made my day — really impressed.",1
"Right now, I appreciate today's session because the support was helpful and I would use it again.",1
"After trying it, I recommend this update because the support was helpful!",1
"In my view, I dislike the setup because the experience was frustrating.",0
"Right now, I regret today's session because it keeps failing — really impressed.",0
"After trying it, I avoid this update because it keeps failing #feedback",0
"After trying it, I question the new feature because the result is disappointing — really impressed.",0
"Today, I praise the workshop because the experience was smooth and I would use it again.",1
"Honestly, I doubt today's session because the delay was exhausting and it needs improvement.",0
"Right now, I regret the delivery because the instructions were unclear #feedback",0
"Today, I regret the setup because the instructions were unclear.",0
"In my view, I love this update because the support was helpful.",1
"Right now, I doubt the delivery because the quality feels poor and I would use it again.",0
"Honestly, I celebrate the team because the idea is genuinely useful — really impressed.",1
"Honestly, I question the service because it keeps failing.",0
"Right now, I doubt the new feature because the result is disappointing #feedback",0
"Honestly, I regret the new feature because the quality feels poor.",0
"Honestly, I question today's session because the quality feels poor #feedback",0
"For me, I question the new feature because the experience was frustrating #feedback",0
"After trying it, I celebrate today's session because the result feels polished.",1
"Honestly, I dislike the new feature because the instructions were unclear and I would use it again.",0
"Today, I appreciate this update because the result feels polished and I would use it again.",1
"Right now, I love the workshop because the result feels polished and I would use it again.",1
"Today, I enjoy the service because it works beautifully — really impressed.",1
"In my view, I celebrate the new feature because the idea is genuinely useful and I would use it again.",1
"For me, I avoid the new feature because the experience was frustrating and I would use it again.",0
"Today, I celebrate the workshop because the support was helpful and I would use it again.",1
"Right now, I praise this update because it made my day — really impressed.",1
"Today, I celebrate the new feature because it works beautifully.",1
"Right now, I celebrate the new feature because it works beautifully and I would use it again.",1
"Honestly, I doubt the service because the instructions were unclear #feedback",0
"Honestly, I love today's session because the experience was smooth!",1
"Honestly, I criticise this update because the quality feels poor #feedback",0
"Today, I regret today's session because the result is disappointing.",0
"Honestly, I doubt the new feature because the result is disappointing.",0
"Right now, I avoid the delivery because the quality feels poor and I would use it again.",0
"After trying it, I appreciate this update because the support was helpful and I would use it again.",1
"In my view, I regret the service because the quality feels poor and it needs improvement.",0
"In my view, I question the setup because the instructions were unclear — really impressed.",0
"After trying it, I praise the service because it works beautifully and I would use it again.",1
"Today, I criticise the setup because it keeps failing #feedback",0
"For me, I enjoy today's session because the support was helpful — really impressed.",1
"In my view, I recommend today's session because the result feels polished — really impressed.",1
"Right now, I avoid the service because it keeps failing.",0
"Right now, I doubt today's session because the quality feels poor.",0
"Today, I appreciate this update because the result feels polished.",1
"Honestly, I appreciate the service because the support was helpful.",1
"Right now, I praise the new feature because it made my day and I would use it again.",1
"Honestly, I question this update because it keeps failing.",0
"Honestly, I love the new feature because it works beautifully — really impressed.",1
"For me, I appreciate today's session because the idea is genuinely useful!",1
"After trying it, I doubt the setup because the quality feels poor and I would use it again.",0
"After trying it, I enjoy today's session because the support was helpful — really impressed.",1
"Right now, I avoid the service because the instructions were unclear and I would use it again.",0
"Today, I doubt the setup because the instructions were unclear — really impressed.",0
"Today, I criticise the service because it keeps failing and it needs improvement.",0
"Today, I enjoy the service because the idea is genuinely useful!",1
"After trying it, I avoid this update because the result is disappointing — really impressed.",0
"In my view, I love this update because the idea is genuinely useful — really impressed.",1
"Right now, I criticise the setup because the experience was frustrating and it needs improvement.",0
"Honestly, I celebrate the new feature because it made my day.",1
"After trying it, I love this update because it made my day!",1
"Right now, I doubt the service because the result is disappointing and I would use it again.",0
"Honestly, I praise the team because the support was helpful!",1
"Honestly, I dislike this update because the delay was exhausting and I would use it again.",0
"Today, I avoid today's session because the instructions were unclear and it needs improvement.",0
"Today, I appreciate the team because the idea is genuinely useful.",1
"Right now, I celebrate the team because the idea is genuinely useful and I would use it again.",1
"Honestly, I doubt today's session because the experience was frustrating.",0
"Honestly, I recommend this update because the experience was smooth!",1
"For me, I recommend today's session because the experience was smooth.",1
"Today, I enjoy the team because the idea is genuinely useful!",1
"Today, I doubt the new feature because it keeps failing #feedback",0
"Today, I doubt the setup because the experience was frustrating.",0
"Honestly, I question this update because the result is disappointing and it needs improvement.",0
"In my view, I appreciate the service because it made my day!",1
"Right now, I praise the team because it made my day and I would use it again.",1
"For me, I question the service because it keeps failing.",0
"For me, I regret the setup because it keeps failing and it needs improvement.",0
"Right now, I criticise the new feature because the quality feels poor and it needs improvement.",0
"In my view, I dislike this update because the result is disappointing #feedback",0
"For me, I avoid the delivery because it keeps failing and I would use it again.",0
"Right now, I appreciate this update because the result feels polished.",1
"After trying it, I appreciate the workshop because the experience was smooth — really impressed.",1
"Right now, I dislike the new feature because the result is disappointing #feedback",0
"After trying it, I love today's session because the support was helpful and I would use it again.",1
"Today, I question the setup because the result is disappointing #feedback",0
"In my view, I appreciate the service because the result feels polished — really impressed.",1
"In my view, I criticise this update because the result is disappointing and it needs improvement.",0
"In my view, I question the setup because the delay was exhausting and I would use it again.",0
"Honestly, I enjoy the service because it works beautifully and I would use it again.",1
"After trying it, I enjoy the team because it works beautifully.",1
"Today, I recommend the team because the result feels polished!",1
"In my view, I doubt today's session because the experience was frustrating #feedback",0
"Honestly, I recommend the team because the result feels polished.",1
"In my view, I celebrate the service because the idea is genuinely useful.",1
"Honestly, I celebrate the team because the idea is genuinely useful.",1
"Honestly, I celebrate the service because the idea is genuinely useful — really impressed.",1
"In my view, I celebrate the workshop because the experience was smooth.",1
"After trying it, I regret this update because it keeps failing.",0
"After trying it, I question the new feature because it keeps failing #feedback",0
"Today, I criticise this update because the result is disappointing.",0
"Honestly, I enjoy the new feature because it made my day!",1
"After trying it, I regret this update because the experience was frustrating and it needs improvement.",0
"Honestly, I appreciate the workshop because it works beautifully!",1
"After trying it, I appreciate the service because the result feels polished and I would use it again.",1
"Honestly, I love the team because it made my day and I would use it again.",1
"For me, I celebrate this update because it made my day!",1
"Right now, I question this update because it keeps failing and it needs improvement.",0
"Honestly, I enjoy today's session because the experience was smooth — really impressed.",1
"After trying it, I regret the delivery because the experience was frustrating — really impressed.",0
"In my view, I dislike the setup because the delay was exhausting #feedback",0
"For me, I regret the new feature because the experience was frustrating and it needs improvement.",0
"Right now, I celebrate the service because the experience was smooth and I would use it again.",1
"For me, I love the workshop because the support was helpful!",1
"Honestly, I doubt the service because the instructions were unclear — really impressed.",0
"For me, I avoid this update because the result is disappointing — really impressed.",0
"Honestly, I question the delivery because the instructions were unclear #feedback",0
"After trying it, I doubt this update because the instructions were unclear.",0
"Honestly, I appreciate today's session because the idea is genuinely useful.",1
"In my view, I question today's session because the quality feels poor and it needs improvement.",0
"Right now, I dislike the service because the delay was exhausting — really impressed.",0
"Right now, I regret this update because the delay was exhausting.",0
"Honestly, I praise this update because the support was helpful and I would use it again.",1
"Today, I recommend the service because it made my day — really impressed.",1
"After trying it, I dislike this update because the delay was exhausting.",0
"After trying it, I love the team because the idea is genuinely useful!",1
"Right now, I appreciate the workshop because the support was helpful — really impressed.",1
"For me, I regret the service because the quality feels poor and it needs improvement.",0
"Today, I regret the setup because the result is disappointing #feedback",0
"Right now, I avoid the setup because the result is disappointing — really impressed.",0
"For me, I criticise the setup because the result is disappointing and it needs improvement.",0
"After trying it, I avoid today's session because the result is disappointing.",0
"After trying it, I regret today's session because the result is disappointing and it needs improvement.",0
"Right now, I appreciate the service because the idea is genuinely useful.",1
"For me, I question the setup because the instructions were unclear and I would use it again.",0
"Today, I appreciate this update because the idea is genuinely useful and I would use it again.",1
"Today, I recommend today's session because the result feels polished — really impressed.",1
"Today, I avoid this update because it keeps failing #feedback",0
"Right now, I dislike this update because it keeps failing and I would use it again.",0
"In my view, I enjoy today's session because the result feels polished and I would use it again.",1
"Honestly, I avoid today's session because the quality feels poor and it needs improvement.",0
"After trying it, I enjoy the workshop because the support was helpful — really impressed.",1
"After trying it, I question this update because the experience was frustrating — really impressed.",0
"Honestly, I dislike the new feature because the delay was exhausting and it needs improvement.",0
"In my view, I enjoy today's session because the experience was smooth!",1
"For me, I recommend the new feature because the experience was smooth!",1
"In my view, I recommend the team because it works beautifully — really impressed.",1
"Today, I celebrate this update because it made my day.",1
"In my view, I avoid the service because the instructions were unclear — really impressed.",0
"For me, I regret the new feature because the quality feels poor and I would use it again.",0
"In my view, I appreciate the service because the support was helpful — really impressed.",1
"Right now, I doubt the setup because the delay was exhausting.",0
"Right now, I criticise the delivery because it keeps failing #feedback",0
"Honestly, I regret the delivery because it keeps failing #feedback",0
"Right now, I appreciate this update because the idea is genuinely useful — really impressed.",1
"For me, I dislike the setup because the delay was exhausting and it needs improvement.",0
"Honestly, I avoid this update because the result is disappointing #feedback",0
"Right now, I avoid the setup because the experience was frustrating and I would use it again.",0
"Honestly, I appreciate the workshop because the support was helpful — really impressed.",1
"Today, I question the new feature because the result is disappointing and I would use it again.",0
"After trying it, I question the delivery because the experience was frustrating #feedback",0
"For me, I celebrate the team because the idea is genuinely useful.",1
"Right now, I recommend the workshop because the result feels polished!",1
"Today, I praise the team because the support was helpful — really impressed.",1
"In my view, I criticise this update because the experience was frustrating and I would use it again.",0
"Right now, I regret today's session because the experience was frustrating and I would use it again.",0
"Right now, I criticise the setup because the result is disappointing and I would use it again.",0
"Honestly, I appreciate the service because the result feels polished.",1
"Today, I doubt today's session because the instructions were unclear — really impressed.",0
"For me, I avoid this update because the quality feels poor and I would use it again.",0
"In my view, I recommend this update because the result feels polished — really impressed.",1
"Today, I enjoy today's session because it made my day.",1
"In my view, I celebrate the workshop because the idea is genuinely useful.",1
"Right now, I question this update because the delay was exhausting and it needs improvement.",0
"In my view, I avoid the setup because the instructions were unclear #feedback",0
"In my view, I recommend the team because the support was helpful and I would use it again.",1
"For me, I love this update because the experience was smooth.",1
"In my view, I enjoy today's session because the support was helpful — really impressed.",1
"In my view, I recommend the service because the result feels polished and I would use it again.",1
"For me, I criticise the delivery because the instructions were unclear — really impressed.",0
"For me, I criticise today's session because the result is disappointing and I would use it again.",0
"After trying it, I love the team because the support was helpful and I would use it again.",1
"For me, I celebrate the new feature because the result feels polished — really impressed.",1
"After trying it, I doubt the setup because the delay was exhausting — really impressed.",0
"In my view, I avoid this update because the instructions were unclear and it needs improvement.",0
"For me, I regret the new feature because the instructions were unclear.",0
"Right now, I praise this update because the result feels polished and I would use it again.",1
"Today, I celebrate the new feature because the result feels polished.",1
"For me, I appreciate the new feature because it works beautifully.",1
"Honestly, I regret the service because the quality feels poor.",0
"Right now, I love the service because the idea is genuinely useful.",1
"After trying it, I love the workshop because the result feels polished!",1
"Today, I love this update because the experience was smooth!",1
"After trying it, I criticise the delivery because the instructions were unclear #feedback",0
"Today, I appreciate the new feature because the experience was smooth.",1
"Honestly, I criticise this update because the instructions were unclear #feedback",0
"For me, I love today's session because the experience was smooth — really impressed.",1
"Right now, I enjoy today's session because it made my day.",1
"In my view, I celebrate the team because the idea is genuinely useful!",1
"Today, I enjoy the service because it works beautifully and I would use it again.",1
"After trying it, I appreciate this update because the idea is genuinely useful!",1
"In my view, I enjoy the service because the idea is genuinely useful — really impressed.",1
"After trying it, I love the workshop because the support was helpful.",1
"Right now, I dislike the new feature because the result is disappointing #feedback",0
"Today, I dislike today's session because the delay was exhausting.",0
"Today, I appreciate the new feature because it works beautifully — really impressed.",1
"Today, I recommend the new feature because it made my day — really impressed.",1
"After trying it, I enjoy the workshop because it made my day.",1
"Right now, I dislike this update because the result is disappointing.",0
"For me, I celebrate this update because the idea is genuinely useful — really impressed.",1
"For me, I love this update because it made my day — really impressed.",1
"In my view, I recommend the team because the experience was smooth!",1
"Today, I recommend the new feature because the support was helpful.",1
"For me, I appreciate the new feature because the experience was smooth — really impressed.",1
"In my view, I question the setup because the result is disappointing.",0
"For me, I regret the service because it keeps failing — really impressed.",0
"Right now, I question today's session because the experience was frustrating — really impressed.",0
"After trying it, I appreciate the workshop because it made my day.",1
"Honestly, I avoid today's session because the instructions were unclear #feedback",0
"Right now, I criticise the new feature because it keeps failing.",0
"Right now, I appreciate the team because it made my day!",1
"For me, I recommend the workshop because it works beautifully and I would use it again.",1
"In my view, I question the setup because the instructions were unclear and it needs improvement.",0
"Today, I enjoy today's session because it works beautifully!",1
"Today, I dislike the setup because the quality feels poor.",0
"Honestly, I regret the new feature because the experience was frustrating — really impressed.",0
"Right now, I celebrate this update because the support was helpful and I would use it again.",1
"After trying it, I celebrate today's session because the result feels polished.",1
"Today, I celebrate the workshop because the idea is genuinely useful.",1
"Honestly, I avoid the service because the instructions were unclear #feedback",0
"Today, I praise the workshop because the experience was smooth and I would use it again.",1
"Today, I question the service because it keeps failing #feedback",0
"After trying it, I dislike today's session because the result is disappointing — really impressed.",0
"In my view, I love the new feature because the experience was smooth.",1
"Honestly, I celebrate the workshop because the idea is genuinely useful and I would use it again.",1
"In my view, I praise the service because the support was helpful — really impressed.",1
"In my view, I love this update because the experience was smooth and I would use it again.",1
"For me, I avoid the service because the result is disappointing and it needs improvement.",0
"For me, I enjoy today's session because the experience was smooth!",1
"Right now, I enjoy today's session because it made my day.",1
"In my view, I avoid the new feature because the quality feels poor and I would use it again.",0
"Right now, I criticise today's session because the result is disappointing.",0
"For me, I dislike this update because the instructions were unclear #feedback",0
"For me, I avoid the service because the delay was exhausting and I would use it again.",0
"For me, I criticise the service because the quality feels poor.",0
"After trying it, I regret the new feature because the experience was frustrating — really impressed.",0
"Today, I love this update because it made my day!",1
"In my view, I celebrate the team because the experience was smooth!",1
"For me, I enjoy the team because it made my day!",1
"After trying it, I dislike the service because the delay was exhausting and it needs improvement.",0
"For me, I appreciate this update because the support was helpful!",1
"After trying it, I doubt the new feature because it keeps failing — really impressed.",0
"Right now, I regret this update because the delay was exhausting — really impressed.",0
"After trying it, I recommend this update because the experience was smooth — really impressed.",1
"In my view, I avoid the setup because the result is disappointing and I would use it again.",0
"After trying it, I dislike this update because the experience was frustrating.",0
"Right now, I dislike the setup because the result is disappointing.",0
"Honestly, I dislike the delivery because it keeps failing and it needs improvement.",0
"Right now, I celebrate the new feature because it works beautifully and I would use it again.",1
"For me, I avoid today's session because the instructions were unclear.",0
"For me, I question today's session because the quality feels poor and I would use it again.",0
"After trying it, I appreciate the workshop because it works beautifully!",1
"Right now, I love today's session because the support was helpful and I would use it again.",1
"In my view, I praise today's session because the support was helpful — really impressed.",1
"In my view, I doubt the service because the quality feels poor — really impressed.",0
"For me, I criticise the new feature because it keeps failing.",0
"Honestly, I avoid the new feature because the quality feels poor.",0
"Today, I regret the new feature because the quality feels poor — really impressed.",0
"Honestly, I recommend the new feature because the result feels polished!",1
"Right now, I praise the service because the idea is genuinely useful.",1
"For me, I criticise the service because the result is disappointing.",0
"Honestly, I love this update because the experience was smooth and I would use it again.",1
"After trying it, I doubt the service because the instructions were unclear.",0
"Honestly, I doubt today's session because the quality feels poor #feedback",0
"In my view, I love the workshop because it made my day.",1
"After trying it, I criticise today's session because the delay was exhausting #feedback",0
"In my view, I love this update because it made my day and I would use it again.",1
"For me, I recommend the team because the result feels polished.",1
"Honestly, I doubt today's session because the result is disappointing #feedback",0
"After trying it, I avoid the setup because it keeps failing and it needs improvement.",0
"After trying it, I celebrate today's session because the experience was smooth — really impressed.",1
"Right now, I praise today's session because the idea is genuinely useful and I would use it again.",1
"Today, I criticise the setup because the delay was exhausting and it needs improvement.",0
"Today, I appreciate today's session because it works beautifully.",1
"For me, I recommend the service because the result feels polished — really impressed.",1
"Right now, I question today's session because it keeps failing and it needs improvement.",0
"Honestly, I appreciate the new feature because the experience was smooth and I would use it again.",1
"After trying it, I avoid this update because the instructions were unclear and I would use it again.",0
"For me, I doubt today's session because the quality feels poor.",0
"Honestly, I love the team because the experience was smooth — really impressed.",1
"After trying it, I recommend the team because it made my day!",1
"Honestly, I criticise today's session because the delay was exhausting and it needs improvement.",0
"Right now, I enjoy today's session because the experience was smooth and I would use it again.",1
"Today, I enjoy today's session because the result feels polished!",1
"Today, I praise today's session because it works beautifully — really impressed.",1
"For me, I question the service because the result is disappointing — really impressed.",0
"Honestly, I love this update because the support was helpful — really impressed.",1
"Today, I dislike the setup because the result is disappointing — really impressed.",0
"Honestly, I doubt the setup because the experience was frustrating — really impressed.",0
"Today, I celebrate this update because it works beautifully — really impressed.",1
"Today, I appreciate the service because it works beautifully — really impressed.",1
"Right now, I recommend the team because the idea is genuinely useful!",1
"Honestly, I doubt the new feature because it keeps failing #feedback",0
"Honestly, I enjoy the new feature because the idea is genuinely useful.",1
"Right now, I regret the service because the experience was frustrating and it needs improvement.",0
"After trying it, I dislike the setup because it keeps failing — really impressed.",0
"Honestly, I question the service because it keeps failing — really impressed.",0
"After trying it, I enjoy the workshop because the support was helpful — really impressed.",1
"For me, I doubt today's session because the delay was exhausting and I would use it again.",0
"Honestly, I regret this update because the delay was exhausting and it needs improvement.",0
"For me, I appreciate the service because it made my day!",1
"After trying it, I appreciate the new feature because it works beautifully and I would use it again.",1
"Right now, I regret the delivery because the result is disappointing.",0
"Honestly, I dislike this update because the quality feels poor — really impressed.",0
"Right now, I appreciate this update because the result feels polished and I would use it again.",1
"In my view, I appreciate the workshop because the support was helpful!",1
"After trying it, I love the team because the support was helpful — really impressed.",1
"Today, I doubt the delivery because it keeps failing.",0
"Today, I dislike the new feature because the quality feels poor and it needs improvement.",0
"In my view, I regret the new feature because the instructions were unclear — really impressed.",0
"Right now, I dislike the service because the quality feels poor and it needs improvement.",0
"Today, I regret today's session because the experience was frustrating #feedback",0
"Today, I celebrate the team because it made my day and I would use it again.",1
"After trying it, I doubt the setup because the instructions were unclear #feedback",0
"For me, I dislike the service because the instructions were unclear and it needs improvement.",0
"In my view, I recommend today's session because the result feels polished and I would use it again.",1
"Today, I question the delivery because the result is disappointing #feedback",0
"Right now, I appreciate the new feature because the support was helpful!",1
"For me, I question the service because the result is disappointing and I would use it again.",0
"For me, I regret the setup because the instructions were unclear #feedback",0
"After trying it, I appreciate the service because the idea is genuinely useful.",1
"Right now, I love today's session because the support was helpful!",1
"For me, I love the team because it works beautifully — really impressed.",1
"In my view, I love the service because the result feels polished and I would use it again.",1
"In my view, I celebrate the team because the support was helpful and I would use it again.",1
"Right now, I enjoy the workshop because the idea is genuinely useful and I would use it again.",1
"For me, I praise the new feature because it works beautifully and I would use it again.",1
"In my view, I regret this update because the quality feels poor and it needs improvement.",0
"Right now, I criticise the new feature because the instructions were unclear and it needs improvement.",0
"After trying it, I doubt today's session because the delay was exhausting and it needs improvement.",0
"In my view, I appreciate the team because the support was helpful.",1
"Today, I praise the new feature because the experience was smooth.",1
"Right now, I avoid the setup because the instructions were unclear and I would use it again.",0
"After trying it, I appreciate today's session because the result feels polished.",1
"In my view, I doubt today's session because the delay was exhausting.",0
"Right now, I avoid the service because the experience was frustrating — really impressed.",0
"For me, I appreciate the team because the support was helpful.",1
"After trying it, I question the delivery because it keeps failing — really impressed.",0
"For me, I recommend today's session because it works beautifully!",1
"After trying it, I avoid the service because it keeps failing.",0
"Right now, I question the new feature because the instructions were unclear and it needs improvement.",0
"After trying it, I recommend the service because it made my day — really impressed.",1
"For me, I question today's session because the result is disappointing #feedback",0
"Today, I praise today's session because the idea is genuinely useful and I would use it again.",1
"In my view, I question this update because the delay was exhausting #feedback",0
"Honestly, I love today's session because the idea is genuinely useful!",1
"For me, I regret the delivery because the delay was exhausting — really impressed.",0
"For me, I avoid the setup because the instructions were unclear.",0
"After trying it, I question this update because the quality feels poor — really impressed.",0
"Honestly, I recommend the new feature because it works beautifully.",1
"Right now, I recommend the team because the result feels polished and I would use it again.",1
"Right now, I celebrate the service because the support was helpful and I would use it again.",1
"Honestly, I praise this update because it made my day!",1
"After trying it, I question today's session because the delay was exhausting and I would use it again.",0
"After trying it, I appreciate the new feature because it made my day and I would use it again.",1
"In my view, I avoid the new feature because it keeps failing — really impressed.",0
"Right now, I appreciate today's session because the experience was smooth — really impressed.",1
"Honestly, I question the new feature because the delay was exhausting and it needs improvement.",0
"Honestly, I criticise the new feature because the instructions were unclear and it needs improvement.",0
"In my view, I question this update because it keeps failing — really impressed.",0
"After trying it, I regret the service because the quality feels poor and I would use it again.",0
"Right now, I question the delivery because the quality feels poor and I would use it again.",0
"Today, I celebrate the team because the idea is genuinely useful — really impressed.",1
"For me, I celebrate the new feature because the experience was smooth — really impressed.",1
"Honestly, I question today's session because the quality feels poor #feedback",0
"In my view, I love this update because the result feels polished — really impressed.",1
"Today, I love the team because it works beautifully — really impressed.",1
"Honestly, I criticise today's session because the instructions were unclear and it needs improvement.",0
"Honestly, I praise the service because it works beautifully and I would use it again.",1
"For me, I avoid today's session because the instructions were unclear and I would use it again.",0
"In my view, I love the new feature because the idea is genuinely useful — really impressed.",1
"In my view, I celebrate this update because the idea is genuinely useful.",1
"After trying it, I appreciate the workshop because the result feels polished — really impressed.",1
"Right now, I celebrate the team because the result feels polished!",1
"Right now, I praise today's session because the result feels polished — really impressed.",1
"Honestly, I regret the new feature because the result is disappointing #feedback",0
"For me, I criticise today's session because the delay was exhausting.",0
"Today, I dislike the new feature because the result is disappointing.",0
"Honestly, I doubt today's session because the instructions were unclear.",0
"After trying it, I criticise the delivery because it keeps failing #feedback",0
"After trying it, I praise the service because it works beautifully!",1
"Today, I recommend the service because the experience was smooth.",1
"Honestly, I avoid the delivery because the instructions were unclear and it needs improvement.",0
"Right now, I criticise the delivery because the experience was frustrating and I would use it again.",0
"After trying it, I dislike the delivery because the instructions were unclear and I would use it again.",0
"Right now, I criticise the delivery because the instructions were unclear #feedback",0
"In my view, I enjoy the workshop because the result feels polished and I would use it again.",1
"Right now, I appreciate the team because the result feels polished!",1
"Today, I dislike the delivery because the experience was frustrating — really impressed.",0
"Honestly, I appreciate the team because it made my day.",1
"Right now, I doubt today's session because the quality feels poor and I would use it again.",0
"Today, I recommend this update because it made my day.",1
"Today, I avoid the setup because the result is disappointing — really impressed.",0
"In my view, I love the new feature because it made my day!",1
"After trying it, I love the team because it works beautifully — really impressed.",1
"Today, I question the setup because the result is disappointing — really impressed.",0
"After trying it, I criticise the service because the result is disappointing.",0
"Today, I regret the setup because the delay was exhausting and I would use it again.",0
"Honestly, I love the new feature because it made my day — really impressed.",1
"For me, I criticise the setup because it keeps failing and it needs improvement.",0
"Right now, I question the setup because the experience was frustrating #feedback",0
"Honestly, I enjoy the service because it works beautifully.",1
"For me, I enjoy the workshop because it made my day!",1
"After trying it, I recommend today's session because it works beautifully — really impressed.",1
"After trying it, I praise the new feature because it made my day — really impressed.",1
"For me, I regret the new feature because the experience was frustrating — really impressed.",0
"After trying it, I doubt the new feature because the quality feels poor and I would use it again.",0
"Right now, I doubt the service because the delay was exhausting and I would use it again.",0
"After trying it, I dislike the delivery because the quality feels poor and it needs improvement.",0
"For me, I criticise today's session because the quality feels poor #feedback",0
"In my view, I avoid the delivery because it keeps failing.",0
"Right now, I recommend today's session because the result feels polished — really impressed.",1
"For me, I avoid the setup because the quality feels poor.",0
"Right now, I avoid the new feature because it keeps failing and I would use it again.",0
"For me, I praise this update because the idea is genuinely useful.",1
"Honestly, I question this update because the experience was frustrating #feedback",0
"In my view, I avoid the service because the result is disappointing and it needs improvement.",0
"After trying it, I recommend today's session because it works beautifully — really impressed.",1
"For me, I regret the delivery because the quality feels poor and it needs improvement.",0
"For me, I celebrate the team because it made my day.",1
"Right now, I celebrate the team because it made my day and I would use it again.",1
"After trying it, I question the service because the experience was frustrating.",0
"After trying it, I praise this update because the result feels polished — really impressed.",1
"After trying it, I love this update because the result feels polished — really impressed.",1
"Right now, I recommend today's session because the idea is genuinely useful — really impressed.",1
"For me, I dislike this update because the delay was exhausting and I would use it again.",0
"Today, I doubt the new feature because the quality feels poor.",0
"Today, I regret the service because the experience was frustrating — really impressed.",0
"Right now, I celebrate the new feature because the idea is genuinely useful!",1
"Right now, I celebrate this update because it works beautifully.",1
"Today, I regret the delivery because the quality feels poor #feedback",0
"Right now, I enjoy this update because the result feels polished — really impressed.",1
"After trying it, I question the service because the result is disappointing and I would use it again.",0
"Right now, I doubt the setup because the experience was frustrating and it needs improvement.",0
"Honestly, I celebrate the new feature because the idea is genuinely useful and I would use it again.",1
"After trying it, I criticise the service because the quality feels poor and it needs improvement.",0
"Today, I regret the new feature because it keeps failing #feedback",0
"For me, I dislike today's session because the delay was exhausting.",0
"For me, I appreciate the new feature because the idea is genuinely useful — really impressed.",1
"Honestly, I love the workshop because the idea is genuinely useful — really impressed.",1
"For me, I avoid today's session because the delay was exhausting and I would use it again.",0
"Honestly, I celebrate the new feature because it made my day!",1
"In my view, I enjoy the team because it made my day.",1
"After trying it, I avoid the new feature because the result is disappointing and I would use it again.",0
"In my view, I love the team because it works beautifully — really impressed.",1
"Right now, I celebrate the workshop because it works beautifully and I would use it again.",1
"Honestly, I dislike this update because it keeps failing #feedback",0
"After trying it, I recommend the service because the experience was smooth and I would use it again.",1
"For me, I avoid this update because the instructions were unclear and I would use it again.",0
"After trying it, I praise the new feature because the idea is genuinely useful and I would use it again.",1
"For me, I celebrate today's session because the result feels polished.",1
"After trying it, I question the service because the instructions were unclear and it needs improvement.",0
"For me, I enjoy the workshop because it works beautifully — really impressed.",1
"Today, I enjoy the team because the idea is genuinely useful and I would use it again.",1
"Today, I avoid the service because the quality feels poor and it needs improvement.",0
"For me, I dislike the setup because the instructions were unclear and I would use it again.",0
"Today, I criticise the setup because the delay was exhausting and it needs improvement.",0
"Right now, I question the setup because it keeps failing.",0
"After trying it, I appreciate the new feature because the experience was smooth!",1
"For me, I doubt today's session because the result is disappointing and I would use it again.",0
"Today, I dislike today's session because the quality feels poor and I would use it again.",0
"Right now, I regret the service because the delay was exhausting — really impressed.",0
"In my view, I appreciate today's session because it works beautifully!",1
"Today, I doubt today's session because the instructions were unclear.",0
"In my view, I regret the new feature because the quality feels poor.",0
"In my view, I recommend the new feature because the support was helpful — really impressed.",1
"After trying it, I question today's session because the instructions were unclear and I would use it again.",0
"In my view, I recommend today's session because the result feels polished.",1
"Today, I criticise the delivery because the instructions were unclear.",0
"In my view, I doubt today's session because the experience was frustrating and it needs improvement.",0
"After trying it, I enjoy this update because the experience was smooth!",1
"Right now, I celebrate today's session because the support was helpful — really impressed.",1
"Honestly, I praise the team because the idea is genuinely useful and I would use it again.",1
"After trying it, I regret today's session because it keeps failing.",0
"For me, I enjoy the service because it works beautifully and I would use it again.",1
"Today, I criticise the setup because the instructions were unclear and I would use it again.",0
"Right now, I love the service because the idea is genuinely useful — really impressed.",1
"For me, I question this update because the quality feels poor and I would use it again.",0
"Today, I enjoy the new feature because the result feels polished — really impressed.",1
"For me, I celebrate the team because the result feels polished and I would use it again.",1
"After trying it, I avoid the new feature because the experience was frustrating.",0
"Today, I criticise today's session because it keeps failing and I would use it again.",0
"In my view, I criticise the new feature because the result is disappointing #feedback",0
"Honestly, I celebrate this update because the result feels polished and I would use it again.",1
"Honestly, I praise the new feature because it made my day and I would use it again.",1
"In my view, I avoid the new feature because it keeps failing — really impressed.",0
"In my view, I love this update because it made my day!",1
"Right now, I doubt this update because the instructions were unclear #feedback",0
"Right now, I enjoy the workshop because the result feels polished and I would use it again.",1
"In my view, I avoid the setup because the instructions were unclear.",0
"Honestly, I dislike the setup because the delay was exhausting.",0
"Today, I criticise the new feature because the experience was frustrating #feedback",0
"After trying it, I avoid the new feature because the result is disappointing — really impressed.",0
"Today, I avoid the service because the quality feels poor — really impressed.",0
"Honestly, I recommend the service because it made my day.",1
"Today, I love the new feature because the experience was smooth!",1
"Today, I regret this update because the instructions were unclear — really impressed.",0
"Today, I question the new feature because the result is disappointing — really impressed.",0
"Honestly, I dislike the delivery because it keeps failing #feedback",0
"Today, I doubt the setup because the instructions were unclear — really impressed.",0
"Honestly, I avoid the delivery because it keeps failing and I would use it again.",0
"In my view, I praise this update because the result feels polished and I would use it again.",1
"Honestly, I dislike the service because the result is disappointing.",0
"Today, I recommend the workshop because the result feels polished — really impressed.",1
"Right now, I avoid the new feature because the instructions were unclear — really impressed.",0
"Right now, I criticise today's session because the experience was frustrating and it needs improvement.",0
"Today, I praise the new feature because the idea is genuinely useful!",1
"For me, I celebrate the new feature because it works beautifully.",1
"Right now, I praise the new feature because the result feels polished.",1
"Honestly, I doubt the setup because the result is disappointing.",0
"For me, I question the delivery because the delay was exhausting and I would use it again.",0
"Today, I doubt today's session because the quality feels poor.",0
"Honestly, I criticise the delivery because the quality feels poor — really impressed.",0
"Today, I doubt the delivery because the quality feels poor.",0
"Right now, I criticise today's session because it keeps failing and I would use it again.",0
"After trying it, I appreciate the team because the experience was smooth.",1
"Right now, I doubt the new feature because the delay was exhausting.",0
"Today, I dislike the service because it keeps failing.",0
"Today, I doubt the setup because it keeps failing and it needs improvement.",0
"After trying it, I appreciate the workshop because the support was helpful — really impressed.",1
"Today, I avoid today's session because the experience was frustrating — really impressed.",0
"Honestly, I doubt the new feature because the instructions were unclear.",0
"In my view, I criticise the service because the experience was frustrating — really impressed.",0
"Right now, I regret the new feature because the delay was exhausting — really impressed.",0
"For me, I celebrate the team because it works beautifully — really impressed.",1
"Today, I criticise the delivery because the experience was frustrating.",0
"Today, I criticise today's session because the quality feels poor #feedback",0
"Today, I celebrate the team because it works beautifully and I would use it again.",1
"After trying it, I dislike the setup because the experience was frustrating and it needs improvement.",0
"Honestly, I avoid today's session because the result is disappointing and it needs improvement.",0
"After trying it, I praise the team because the result feels polished!",1
"For me, I love the new feature because the idea is genuinely useful!",1
"After trying it, I enjoy the workshop because it made my day!",1
"Honestly, I love the team because it works beautifully.",1
"Right now, I love the team because the experience was smooth and I would use it again.",1
"After trying it, I praise the service because the support was helpful!",1
"In my view, I appreciate the service because it made my day and I would use it again.",1
"After trying it, I dislike the new feature because the experience was frustrating and it needs improvement.",0
"In my view, I regret the service because the instructions were unclear.",0
"In my view, I regret the service because the quality feels poor #feedback",0
"In my view, I criticise the setup because it keeps failing.",0
"After trying it, I avoid the setup because the quality feels poor — really impressed.",0
"For me, I avoid this update because the instructions were unclear and I would use it again.",0
"For me, I question the delivery because the instructions were unclear #feedback",0
"For me, I appreciate the team because the idea is genuinely useful and I would use it again.",1
"For me, I criticise today's session because the delay was exhausting #feedback",0
"Honestly, I avoid this update because the instructions were unclear and I would use it again.",0
"For me, I recommend the team because the idea is genuinely useful!",1
"Right now, I enjoy the service because it works beautifully and I would use it again.",1
"Right now, I doubt the service because the delay was exhausting — really impressed.",0
"In my view, I question the service because the experience was frustrating and I would use it again.",0
"After trying it, I enjoy this update because the experience was smooth and I would use it again.",1
"Right now, I enjoy the team because the experience was smooth and I would use it again.",1
"Today, I dislike the setup because the result is disappointing.",0
"After trying it, I criticise the service because it keeps failing.",0
"Honestly, I regret the new feature because the delay was exhausting.",0
"After trying it, I criticise the service because the result is disappointing — really impressed.",0
"In my view, I criticise the new feature because it keeps failing #feedback",0
"After trying it, I celebrate this update because the idea is genuinely useful — really impressed.",1
"For me, I dislike the new feature because the experience was frustrating and it needs improvement.",0
"After trying it, I appreciate the team because it works beautifully.",1
"In my view, I praise the new feature because the result feels polished.",1
"Today, I regret the setup because the result is disappointing.",0
"Right now, I criticise this update because the instructions were unclear and I would use it again.",0
"Honestly, I recommend the new feature because the idea is genuinely useful.",1
"For me, I praise the new feature because the result feels polished!",1
"Honestly, I love the service because the support was helpful — really impressed.",1
"For me, I criticise the delivery because it keeps failing.",0
"Today, I enjoy this update because it works beautifully and I would use it again.",1
"Right now, I praise today's session because the result feels polished.",1
"For me, I praise today's session because it works beautifully.",1
"For me, I celebrate this update because the result feels polished and I would use it again.",1
"Today, I question the new feature because the result is disappointing #feedback",0
"Honestly, I doubt the delivery because the result is disappointing and it needs improvement.",0
"Right now, I enjoy the service because the idea is genuinely useful and I would use it again.",1
"Today, I appreciate today's session because it made my day.",1
"For me, I question the service because the result is disappointing #feedback",0
"Honestly, I appreciate the team because the result feels polished.",1
"After trying it, I enjoy the new feature because the idea is genuinely useful.",1
"Honestly, I praise today's session because the experience was smooth and I would use it again.",1
"For me, I love this update because the experience was smooth!",1
"Honestly, I celebrate the team because the idea is genuinely useful!",1
"After trying it, I avoid the new feature because the result is disappointing — really impressed.",0
"Honestly, I enjoy the service because the support was helpful and I would use it again.",1
"Honestly, I dislike the delivery because it keeps failing and it needs improvement.",0
"Right now, I avoid the service because the experience was frustrating.",0
"Right now, I avoid the service because it keeps failing — really impressed.",0
"After trying it, I enjoy this update because it works beautifully — really impressed.",1
"In my view, I question the service because the experience was frustrating and I would use it again.",0
"After trying it, I criticise today's session because the experience was frustrating and I would use it again.",0
"In my view, I dislike this update because it keeps failing #feedback",0
"For me, I avoid this update because the instructions were unclear and I would use it again.",0
"For me, I praise this update because the support was helpful.",1
"Right now, I avoid the service because the experience was frustrating #feedback",0
"Today, I doubt today's session because the experience was frustrating and it needs improvement.",0
"Honestly, I avoid the setup because the experience was frustrating and I would use it again.",0
"Honestly, I dislike today's session because it keeps failing and it needs improvement.",0
"Right now, I appreciate the workshop because the experience was smooth and I would use it again.",1
"Today, I dislike the setup because the delay was exhausting #feedback",0
"Honestly, I recommend today's session because the support was helpful.",1
"In my view, I praise the team because it made my day!",1
"Today, I regret the new feature because the experience was frustrating #feedback",0
"In my view, I criticise the setup because it keeps failing #feedback",0
"For me, I question this update because the quality feels poor and it needs improvement.",0
"For me, I criticise the service because the instructions were unclear — really impressed.",0
"After trying it, I doubt the new feature because the experience was frustrating and it needs improvement.",0
"Honestly, I question this update because the quality feels poor and it needs improvement.",0
"Right now, I dislike the service because the experience was frustrating — really impressed.",0
"Right now, I enjoy the service because the experience was smooth — really impressed.",1
"After trying it, I appreciate the service because the experience was smooth and I would use it again.",1
"For me, I recommend the new feature because the idea is genuinely useful.",1
"For me, I regret the delivery because the result is disappointing — really impressed.",0
"Today, I question the service because the quality feels poor #feedback",0
"In my view, I appreciate the service because it works beautifully!",1
"Today, I recommend today's session because the result feels polished.",1
"Honestly, I recommend this update because it made my day and I would use it again.",1
"Honestly, I regret the delivery because the experience was frustrating — really impressed.",0
"For me, I dislike this update because the delay was exhausting and I would use it again.",0
"After trying it, I celebrate the service because it made my day.",1
"Today, I praise the service because the idea is genuinely useful!",1
"In my view, I love the new feature because the result feels polished — really impressed.",1
"In my view, I celebrate the workshop because it works beautifully — really impressed.",1
"Honestly, I regret today's session because it keeps failing.",0
"Today, I praise the service because it made my day.",1
"For me, I question this update because the result is disappointing and I would use it again.",0
"In my view, I celebrate the new feature because the idea is genuinely useful and I would use it again.",1
"Honestly, I recommend today's session because the experience was smooth!",1
"After trying it, I regret today's session because the delay was exhausting and it needs improvement.",0
"Today, I regret the setup because the result is disappointing and I would use it again.",0
"For me, I love the service because it made my day and I would use it again.",1
"For me, I celebrate today's session because it works beautifully and I would use it again.",1
"Right now, I praise the team because the experience was smooth.",1
"Today, I question the delivery because the quality feels poor — really impressed.",0
"Honestly, I enjoy this update because it made my day — really impressed.",1
"For me, I avoid the setup because the instructions were unclear #feedback",0
"Today, I dislike the delivery because the experience was frustrating — really impressed.",0
"Honestly, I avoid the delivery because the result is disappointing.",0
"Today, I avoid today's session because it keeps failing and it needs improvement.",0
"For me, I appreciate the team because the experience was smooth — really impressed.",1
"Honestly, I question the service because the delay was exhausting and I would use it again.",0
"Honestly, I love the service because the experience was smooth — really impressed.",1
"Today, I appreciate today's session because it made my day — really impressed.",1
"For me, I avoid the service because the quality feels poor and it needs improvement.",0
"For me, I appreciate the workshop because the support was helpful — really impressed.",1
"Honestly, I avoid today's session because the instructions were unclear #feedback",0
"After trying it, I dislike this update because it keeps failing and I would use it again.",0
"Today, I enjoy this update because it works beautifully — really impressed.",1
"Honestly, I question this update because it keeps failing and I would use it again.",0
"For me, I recommend the workshop because the idea is genuinely useful.",1
"Today, I enjoy the workshop because the experience was smooth.",1
"In my view, I doubt the service because the result is disappointing.",0
"After trying it, I question the service because it keeps failing — really impressed.",0
"In my view, I recommend the service because it works beautifully!",1
"In my view, I love the new feature because it made my day and I would use it again.",1
"Today, I enjoy the team because the experience was smooth — really impressed.",1
"Today, I enjoy today's session because the idea is genuinely useful.",1
"Right now, I question the setup because the result is disappointing.",0
"Honestly, I avoid the service because the quality feels poor and I would use it again.",0
"In my view, I celebrate today's session because it made my day and I would use it again.",1
"After trying it, I love the workshop because it works beautifully and I would use it again.",1
"Today, I enjoy today's session because it made my day and I would use it again.",1
"For me, I dislike the service because the delay was exhausting.",0
"Honestly, I celebrate the team because the support was helpful.",1
"Right now, I celebrate the workshop because the idea is genuinely useful and I would use it again.",1
"Honestly, I enjoy this update because the support was helpful!",1
"For me, I appreciate the new feature because the idea is genuinely useful.",1
"Honestly, I enjoy the team because the experience was smooth!",1
"Honestly, I doubt the delivery because the delay was exhausting #feedback",0
"After trying it, I doubt the service because the quality feels poor.",0
"In my view, I celebrate today's session because the experience was smooth!",1
"Today, I avoid this update because it keeps failing #feedback",0
"Today, I doubt the service because the delay was exhausting — really impressed.",0
"For me, I enjoy the team because it works beautifully and I would use it again.",1
"Today, I appreciate the team because the idea is genuinely useful.",1
"Right now, I criticise the delivery because it keeps failing and it needs improvement.",0
"After trying it, I doubt the new feature because it keeps failing #feedback",0
"Honestly, I love the workshop because the experience was smooth.",1
"For me, I appreciate the new feature because it made my day and I would use it again.",1
"For me, I enjoy the workshop because it made my day and I would use it again.",1
"After trying it, I celebrate today's session because the support was helpful.",1
"In my view, I avoid this update because it keeps failing — really impressed.",0
"In my view, I praise this update because the idea is genuinely useful — really impressed.",1
"For me, I dislike the setup because the instructions were unclear and it needs improvement.",0
"Today, I avoid today's session because the result is disappointing and it needs improvement.",0
"After trying it, I praise today's session because it made my day — really impressed.",1
"Today, I appreciate the team because it works beautifully!",1
"Today, I recommend the new feature because the result feels polished!",1
"Today, I enjoy the service because the idea is genuinely useful — really impressed.",1
"Today, I appreciate the team because the idea is genuinely useful — really impressed.",1
"Right now, I avoid this update because the delay was exhausting #feedback",0
"Honestly, I praise today's session because it works beautifully.",1
"Right now, I praise the new feature because the result feels polished!",1
"Today, I appreciate the service because it works beautifully.",1
"For me, I avoid the delivery because the delay was exhausting and it needs improvement.",0
"Right now, I love the workshop because the support was helpful!",1
"In my view, I praise this update because the support was helpful and I would use it again.",1
"In my view, I appreciate the team because the result feels polished.",1
"For me, I question the setup because the delay was exhausting.",0
"For me, I appreciate today's session because the experience was smooth — really impressed.",1
"Today, I praise the service because the support was helpful!",1
"Today, I love the new feature because the support was helpful and I would use it again.",1
"For me, I celebrate today's session because the idea is genuinely useful.",1
"Today, I question today's session because the instructions were unclear and it needs improvement.",0
"After trying it, I question the setup because the result is disappointing #feedback",0
"In my view, I dislike the service because the result is disappointing and it needs improvement.",0
"After trying it, I appreciate the service because it works beautifully — really impressed.",1
"Right now, I avoid the new feature because the quality feels poor — really impressed.",0
"In my view, I dislike this update because the quality feels poor.",0
"After trying it, I celebrate today's session because the support was helpful — really impressed.",1
"After trying it, I criticise the service because the experience was frustrating and it needs improvement.",0
"Today, I appreciate the team because the idea is genuinely useful!",1
"Right now, I doubt today's session because the instructions were unclear.",0
"After trying it, I enjoy today's session because it works beautifully.",1
"For me, I recommend the team because the result feels polished!",1
"Honestly, I regret this update because the quality feels poor and I would use it again.",0
"Right now, I criticise this update because the delay was exhausting.",0
"For me, I recommend this update because the idea is genuinely useful!",1
"Honestly, I appreciate the service because the support was helpful and I would use it again.",1
"After trying it, I celebrate the new feature because the result feels polished and I would use it again.",1
"Today, I appreciate today's session because the result feels polished and I would use it again.",1
"Today, I regret the new feature because the quality feels poor and it needs improvement.",0
"Honestly, I question the delivery because the delay was exhausting and I would use it again.",0
"After trying it, I celebrate the workshop because it made my day and I would use it again.",1
"After trying it, I doubt this update because the result is disappointing and it needs improvement.",0
"After trying it, I regret the setup because it keeps failing and it needs improvement.",0
"Honestly, I avoid the new feature because the instructions were unclear and I would use it again.",0
"Right now, I praise the team because the result feels polished and I would use it again.",1
"For me, I celebrate today's session because the idea is genuinely useful and I would use it again.",1
"In my view, I dislike the new feature because the quality feels poor — really impressed.",0
"Right now, I avoid the setup because the delay was exhausting and it needs improvement.",0
"For me, I celebrate the team because it works beautifully.",1
"Honestly, I appreciate the service because the experience was smooth — really impressed.",1
"Right now, I avoid the setup because it keeps failing and I would use it again.",0
"For me, I appreciate this update because it works beautifully — really impressed.",1
"For me, I recommend the workshop because the experience was smooth and I would use it again.",1
"Today, I regret today's session because the result is disappointing and I would use it again.",0
"Honestly, I recommend the workshop because it works beautifully!",1
"In my view, I celebrate the new feature because the support was helpful!",1
"For me, I celebrate the workshop because it made my day!",1
"After trying it, I praise this update because the support was helpful.",1
"Right now, I dislike the new feature because the experience was frustrating and I would use it again.",0
"Right now, I criticise the service because the experience was frustrating and I would use it again.",0
"Honestly, I question today's session because the result is disappointing #feedback",0
"Today, I criticise the service because the instructions were unclear and it needs improvement.",0
"After trying it, I regret today's session because the quality feels poor and it needs improvement.",0
"After trying it, I appreciate this update because the support was helpful.",1
"Honestly, I love the team because the idea is genuinely useful!",1
"Honestly, I dislike the setup because the result is disappointing.",0
"Right now, I recommend the new feature because it made my day.",1
"In my view, I love this update because the idea is genuinely useful — really impressed.",1
"In my view, I praise the workshop because the support was helpful!",1
"Honestly, I avoid the service because it keeps failing.",0
"Honestly, I praise the team because it made my day!",1
"Right now, I appreciate the team because the experience was smooth!",1
"Right now, I doubt today's session because it keeps failing.",0
"Right now, I celebrate the workshop because it made my day and I would use it again.",1
"For me, I praise today's session because it works beautifully.",1
"In my view, I dislike the delivery because the instructions were unclear and it needs improvement.",0
"Honestly, I dislike today's session because the result is disappointing — really impressed.",0
"Today, I doubt the new feature because the experience was frustrating — really impressed.",0
"Honestly, I appreciate the service because the idea is genuinely useful.",1
"Today, I praise this update because the support was helpful — really impressed.",1
"For me, I question today's session because the delay was exhausting — really impressed.",0
"In my view, I appreciate this update because it made my day and I would use it again.",1
"In my view, I enjoy the workshop because it made my day!",1
"Honestly, I recommend today's session because it made my day — really impressed.",1
"For me, I appreciate the workshop because the idea is genuinely useful!",1
"Today, I praise the service because the idea is genuinely useful — really impressed.",1
"Honestly, I avoid the setup because the experience was frustrating #feedback",0
"Right now, I recommend today's session because it made my day and I would use it again.",1
"In my view, I dislike today's session because it keeps failing #feedback",0
"For me, I celebrate the service because the idea is genuinely useful — really impressed.",1
"For me, I enjoy this update because the support was helpful and I would use it again.",1
"In my view, I love today's session because it made my day!",1
"For me, I celebrate the team because it made my day!",1
"Right now, I dislike the service because the experience was frustrating and I would use it again.",0
"For me, I doubt the delivery because the result is disappointing — really impressed.",0
"After trying it, I dislike today's session because the experience was frustrating.",0
"In my view, I criticise today's session because the experience was frustrating — really impressed.",0
"In my view, I avoid the delivery because the result is disappointing and it needs improvement.",0
"After trying it, I doubt the new feature because it keeps failing.",0
"Honestly, I love this update because the experience was smooth — really impressed.",1
"After trying it, I doubt the new feature because the result is disappointing.",0
"Right now, I appreciate this update because the experience was smooth.",1
"Honestly, I question today's session because the experience was frustrating #feedback",0
"Today, I praise this update because the experience was smooth!",1
"In my view, I doubt the setup because it keeps failing and it needs improvement.",0
"Right now, I praise the workshop because the experience was smooth.",1
"For me, I criticise the new feature because the instructions were unclear #feedback",0
"In my view, I avoid the service because the delay was exhausting and it needs improvement.",0
"For me, I regret the service because the quality feels poor.",0
"After trying it, I doubt the delivery because the instructions were unclear and I would use it again.",0
"After trying it, I criticise the new feature because the result is disappointing and I would use it again.",0
"For me, I avoid the service because the instructions were unclear.",0
"In my view, I doubt today's session because the instructions were unclear — really impressed.",0
"Today, I recommend the new feature because the experience was smooth — really impressed.",1
"In my view, I recommend this update because it made my day and I would use it again.",1
"Right now, I regret the service because the instructions were unclear — really impressed.",0
"Today, I appreciate the workshop because the idea is genuinely useful and I would use it again.",1
"For me, I recommend the team because the idea is genuinely useful — really impressed.",1
"For me, I question the service because the result is disappointing — really impressed.",0
"In my view, I criticise the service because the delay was exhausting and it needs improvement.",0
"For me, I dislike this update because the quality feels poor.",0
"Today, I praise the service because it works beautifully and I would use it again.",1
"Right now, I recommend this update because the support was helpful.",1
"In my view, I recommend today's session because it works beautifully!",1
"Right now, I recommend today's session because the result feels polished!",1
"After trying it, I avoid today's session because the experience was frustrating.",0
"In my view, I recommend the service because the experience was smooth!",1
"In my view, I dislike this update because the instructions were unclear — really impressed.",0
"After trying it, I celebrate today's session because it made my day!",1
"In my view, I love the new feature because the support was helpful — really impressed.",1
"Right now, I praise this update because the experience was smooth and I would use it again.",1
"Honestly, I praise the workshop because it works beautifully!",1
"Today, I criticise the service because it keeps failing — really impressed.",0
"Honestly, I enjoy this update because it made my day — really impressed.",1
"Right now, I celebrate the new feature because it works beautifully!",1
"In my view, I praise today's session because it works beautifully.",1
"Right now, I recommend today's session because it works beautifully.",1
"For me, I criticise the delivery because the result is disappointing — really impressed.",0
"Honestly, I doubt the delivery because it keeps failing.",0
"Right now, I love today's session because the result feels polished!",1
"Right now, I regret this update because the quality feels poor #feedback",0
"In my view, I celebrate this update because it made my day!",1
"For me, I doubt the new feature because the delay was exhausting and I would use it again.",0
"Right now, I appreciate the team because the support was helpful!",1
"For me, I dislike this update because the result is disappointing #feedback",0
"Today, I doubt today's session because the result is disappointing and I would use it again.",0
"In my view, I doubt today's session because the instructions were unclear and it needs improvement.",0
"After trying it, I appreciate today's session because the support was helpful and I would use it again.",1
"Today, I love the workshop because the support was helpful!",1
"Today, I regret the service because the instructions were unclear.",0
"Right now, I appreciate today's session because it works beautifully and I would use it again.",1
"Honestly, I love the workshop because it works beautifully.",1
"Honestly, I recommend the team because the result feels polished — really impressed.",1
"For me, I criticise this update because the instructions were unclear and it needs improvement.",0
"Today, I enjoy today's session because it made my day — really impressed.",1
"For me, I criticise the setup because the delay was exhausting — really impressed.",0
"In my view, I criticise today's session because the delay was exhausting and it needs improvement.",0
"After trying it, I dislike the new feature because the result is disappointing #feedback",0
"Today, I avoid the setup because the instructions were unclear #feedback",0
"Honestly, I love today's session because the support was helpful.",1
"In my view, I criticise the service because the instructions were unclear and I would use it again.",0
"Right now, I avoid the setup because the experience was frustrating — really impressed.",0
"After trying it, I avoid today's session because the experience was frustrating and I would use it again.",0
"Honestly, I appreciate this update because the experience was smooth — really impressed.",1
"Honestly, I celebrate the new feature because the result feels polished.",1
"Today, I love the new feature because the experience was smooth and I would use it again.",1
"Honestly, I regret this update because the delay was exhausting and I would use it again.",0
"For me, I love the team because the experience was smooth.",1
"Honestly, I love the workshop because it made my day and I would use it again.",1
"For me, I avoid today's session because the delay was exhausting #feedback",0
"For me, I avoid the service because the delay was exhausting #feedback",0
"Honestly, I question this update because the result is disappointing and it needs improvement.",0
"Today, I dislike the delivery because it keeps failing #feedback",0
"Right now, I enjoy this update because it works beautifully and I would use it again.",1
"After trying it, I avoid the delivery because the experience was frustrating — really impressed.",0
"Right now, I praise today's session because the result feels polished!",1
"After trying it, I recommend today's session because it made my day and I would use it again.",1
"For me, I celebrate the team because the support was helpful — really impressed.",1
"In my view, I regret the setup because the result is disappointing and I would use it again.",0
"After trying it, I enjoy the workshop because the experience was smooth and I would use it again.",1
"For me, I praise today's session because the support was helpful — really impressed.",1
"In my view, I doubt this update because the instructions were unclear.",0
"After trying it, I love the team because the experience was smooth.",1
"Today, I dislike the delivery because the delay was exhausting — really impressed.",0
"In my view, I regret the delivery because the experience was frustrating — really impressed.",0
"Honestly, I doubt the delivery because the instructions were unclear and I would use it again.",0
"Right now, I question the delivery because the quality feels poor #feedback",0
"For me, I dislike the new feature because the delay was exhausting — really impressed.",0
"In my view, I criticise this update because the instructions were unclear.",0
"Honestly, I recommend this update because the idea is genuinely useful — really impressed.",1
"For me, I doubt the delivery because the instructions were unclear.",0
"Right now, I question the setup because the result is disappointing #feedback",0
"Honestly, I celebrate the workshop because the result feels polished!",1
"Today, I criticise the delivery because the delay was exhausting.",0
"Honestly, I enjoy the workshop because the experience was smooth and I would use it again.",1
"Today, I enjoy the service because it works beautifully.",1
"After trying it, I love the workshop because the support was helpful!",1
"Right now, I praise the service because the support was helpful and I would use it again.",1
"For me, I avoid the new feature because the experience was frustrating — really impressed.",0
"Today, I enjoy the workshop because the result feels polished!",1
"Honestly, I enjoy the workshop because the support was helpful and I would use it again.",1
"For me, I doubt today's session because it keeps failing #feedback",0
"Today, I doubt the delivery because it keeps failing #feedback",0
"After trying it, I recommend this update because it made my day and I would use it again.",1
"After trying it, I question the setup because the instructions were unclear #feedback",0
"Right now, I celebrate the team because the support was helpful — really impressed.",1
"Right now, I question this update because the quality feels poor #feedback",0
"Today, I celebrate this update because it made my day — really impressed.",1
"In my view, I regret the delivery because the delay was exhausting #feedback",0
"For me, I appreciate the workshop because it made my day and I would use it again.",1
"After trying it, I question the service because it keeps failing.",0
"Right now, I criticise the service because the experience was frustrating.",0
"Today, I question today's session because it keeps failing #feedback",0
"After trying it, I regret the setup because it keeps failing — really impressed.",0
"Right now, I question the service because the quality feels poor.",0
"In my view, I praise the new feature because the experience was smooth — really impressed.",1
"Honestly, I enjoy the new feature because the support was helpful!",1
"Right now, I praise the new feature because it works beautifully and I would use it again.",1
"After trying it, I criticise the setup because the quality feels poor — really impressed.",0
"After trying it, I dislike the new feature because the delay was exhausting — really impressed.",0
"In my view, I avoid the setup because the experience was frustrating.",0
"Honestly, I celebrate the team because it works beautifully — really impressed.",1
"Right now, I recommend this update because it made my day — really impressed.",1
"After trying it, I criticise the delivery because the delay was exhausting — really impressed.",0
"After trying it, I enjoy this update because the result feels polished — really impressed.",1
"Today, I avoid today's session because the delay was exhausting and I would use it again.",0
"Today, I question the setup because the experience was frustrating.",0
"After trying it, I enjoy the new feature because the experience was smooth!",1
"For me, I doubt the new feature because the instructions were unclear and I would use it again.",0
"For me, I recommend the workshop because the result feels polished.",1
"For me, I enjoy the team because the idea is genuinely useful!",1
"In my view, I celebrate the workshop because the experience was smooth — really impressed.",1
"After trying it, I love the service because the result feels polished!",1
"After trying it, I criticise the service because it keeps failing.",0
"Today, I celebrate today's session because the experience was smooth — really impressed.",1
"In my view, I enjoy the service because the support was helpful — really impressed.",1
"Today, I praise the service because it works beautifully!",1
"Right now, I appreciate the team because the idea is genuinely useful!",1
"For me, I love the workshop because the experience was smooth!",1
"Today, I doubt this update because the delay was exhausting and it needs improvement.",0
"For me, I celebrate the team because the idea is genuinely useful — really impressed.",1
"In my view, I dislike the setup because the experience was frustrating.",0
"Today, I doubt today's session because the quality feels poor.",0
"Honestly, I praise this update because it works beautifully!",1
"For me, I celebrate the new feature because the idea is genuinely useful.",1
"For me, I doubt the delivery because the delay was exhausting.",0
"Honestly, I praise the team because it made my day!",1
"For me, I avoid the service because the instructions were unclear and it needs improvement.",0
"Honestly, I enjoy the team because the idea is genuinely useful — really impressed.",1
"Right now, I love today's session because the support was helpful — really impressed.",1
"Honestly, I dislike the new feature because the delay was exhausting — really impressed.",0
"In my view, I appreciate the workshop because the result feels polished — really impressed.",1
"Right now, I praise the workshop because it works beautifully — really impressed.",1
"In my view, I appreciate the service because the result feels polished.",1
"Today, I question the service because it keeps failing.",0
"Right now, I dislike the delivery because it keeps failing and it needs improvement.",0
"Today, I celebrate today's session because the idea is genuinely useful!",1
"For me, I doubt the service because the instructions were unclear and it needs improvement.",0
"Honestly, I dislike the service because the result is disappointing and I would use it again.",0
"Today, I love the new feature because the idea is genuinely useful!",1
"After trying it, I dislike the new feature because the instructions were unclear #feedback",0
"After trying it, I appreciate the team because it made my day and I would use it again.",1
"For me, I praise the team because it made my day and I would use it again.",1
"For me, I love this update because it made my day!",1
"Right now, I regret today's session because the instructions were unclear.",0
"Today, I celebrate this update because it works beautifully!",1
"In my view, I praise the new feature because the support was helpful.",1
"For me, I avoid today's session because it keeps failing.",0
"After trying it, I celebrate the team because the idea is genuinely useful — really impressed.",1
"Today, I appreciate the service because the experience was smooth!",1
"For me, I appreciate this update because the experience was smooth and I would use it again.",1
"In my view, I regret the setup because the result is disappointing and I would use it again.",0
"Honestly, I criticise the new feature because the instructions were unclear and I would use it again.",0
"For me, I enjoy the workshop because the result feels polished — really impressed.",1
"In my view, I appreciate today's session because it made my day and I would use it again.",1
"In my view, I regret the setup because the experience was frustrating #feedback",0
"After trying it, I criticise this update because the quality feels poor.",0
"For me, I love the service because the support was helpful.",1
"In my view, I love the team because the experience was smooth and I would use it again.",1
"Today, I question this update because the quality feels poor and it needs improvement.",0
"Today, I celebrate the new feature because it works beautifully and I would use it again.",1
"Honestly, I criticise the service because the experience was frustrating and it needs improvement.",0
"After trying it, I dislike the delivery because the quality feels poor and it needs improvement.",0
"Honestly, I recommend the service because the idea is genuinely useful.",1
"After trying it, I avoid the new feature because it keeps failing.",0
"After trying it, I appreciate the team because the experience was smooth.",1
"After trying it, I appreciate the new feature because the support was helpful!",1
"After trying it, I recommend today's session because the idea is genuinely useful — really impressed.",1
"After trying it, I criticise the new feature because the delay was exhausting and it needs improvement.",0
"After trying it, I criticise the delivery because the experience was frustrating #feedback",0
"Today, I praise the new feature because the experience was smooth — really impressed.",1
"Right now, I enjoy the team because the experience was smooth!",1
"Honestly, I celebrate the new feature because it works beautifully.",1
"Honestly, I dislike the delivery because the experience was frustrating and it needs improvement.",0
"Today, I dislike the setup because the experience was frustrating and it needs improvement.",0
"Today, I criticise this update because the quality feels poor #feedback",0
"Honestly, I recommend the workshop because the result feels polished.",1
"In my view, I praise the workshop because the idea is genuinely useful — really impressed.",1
"Today, I dislike the new feature because the quality feels poor — really impressed.",0
"In my view, I regret the delivery because the delay was exhausting and it needs improvement.",0
"Today, I praise the new feature because the idea is genuinely useful — really impressed.",1
"After trying it, I criticise today's session because it keeps failing — really impressed.",0
"Honestly, I dislike the service because the experience was frustrating — really impressed.",0
"Honestly, I love the service because it works beautifully and I would use it again.",1
"Right now, I praise the workshop because it made my day and I would use it again.",1
"In my view, I appreciate this update because the result feels polished and I would use it again.",1
"Today, I criticise the delivery because the delay was exhausting and it needs improvement.",0
"After trying it, I doubt the delivery because the quality feels poor and it needs improvement.",0
"Today, I enjoy today's session because it works beautifully — really impressed.",1
"For me, I regret this update because the quality feels poor #feedback",0
"After trying it, I enjoy the new feature because it made my day and I would use it again.",1
"Right now, I praise this update because the idea is genuinely useful.",1
"Today, I doubt the service because the experience was frustrating and it needs improvement.",0
"Today, I question this update because the instructions were unclear and I would use it again.",0
"For me, I enjoy this update because the idea is genuinely useful.",1
"For me, I question the setup because the delay was exhausting — really impressed.",0
"In my view, I love the service because the experience was smooth.",1
"After trying it, I recommend the team because the result feels polished.",1
"Today, I praise the team because the experience was smooth!",1
"After trying it, I praise the service because it made my day.",1
"Honestly, I doubt the new feature because the result is disappointing and it needs improvement.",0
"Right now, I recommend this update because it made my day.",1
"Right now, I doubt the service because the result is disappointing — really impressed.",0
"Right now, I criticise the delivery because the result is disappointing — really impressed.",0
"Right now, I appreciate the service because the support was helpful and I would use it again.",1
"After trying it, I regret the service because it keeps failing and I would use it again.",0
"Right now, I recommend the new feature because the result feels polished and I would use it again.",1
"After trying it, I recommend this update because the idea is genuinely useful — really impressed.",1
"After trying it, I criticise the setup because the delay was exhausting and I would use it again.",0
"For me, I praise the service because the experience was smooth.",1
"Today, I criticise this update because the quality feels poor and it needs improvement.",0
"For me, I criticise the new feature because the result is disappointing and I would use it again.",0
"For me, I celebrate the team because the support was helpful and I would use it again.",1
"Honestly, I appreciate this update because it works beautifully — really impressed.",1
"Today, I appreciate the new feature because the result feels polished.",1
"Honestly, I criticise the setup because the delay was exhausting — really impressed.",0
"Honestly, I avoid the service because the quality feels poor and it needs improvement.",0
"For me, I praise the service because it works beautifully and I would use it again.",1
"Right now, I dislike this update because the delay was exhausting #feedback",0
"For me, I criticise this update because the experience was frustrating — really impressed.",0
"Honestly, I love the team because the idea is genuinely useful — really impressed.",1
"Right now, I avoid the service because the delay was exhausting — really impressed.",0
"In my view, I praise today's session because it made my day — really impressed.",1
"Right now, I dislike the setup because the quality feels poor — really impressed.",0
"After trying it, I dislike the setup because the instructions were unclear — really impressed.",0
"Today, I regret the setup because the result is disappointing.",0
"After trying it, I dislike this update because the delay was exhausting and it needs improvement.",0
"After trying it, I enjoy today's session because the result feels polished.",1
"Today, I avoid the delivery because the delay was exhausting and I would use it again.",0
"After trying it, I criticise the service because the result is disappointing and it needs improvement.",0
"After trying it, I avoid the delivery because the experience was frustrating.",0
"Right now, I regret the setup because the experience was frustrating and it needs improvement.",0
"Today, I doubt the service because the delay was exhausting and I would use it again.",0
"After trying it, I criticise the new feature because the result is disappointing #feedback",0
"After trying it, I celebrate this update because the result feels polished!",1
"Today, I love the service because the idea is genuinely useful.",1
"Right now, I question today's session because it keeps failing and I would use it again.",0
"Right now, I appreciate the team because the result feels polished!",1
"After trying it, I avoid the new feature because it keeps failing.",0
"For me, I appreciate today's session because it made my day.",1
"After trying it, I dislike the service because the result is disappointing.",0
"After trying it, I recommend the new feature because the support was helpful.",1
"Honestly, I question the setup because the delay was exhausting and I would use it again.",0
"In my view, I question today's session because the result is disappointing and it needs improvement.",0
"Right now, I love today's session because the support was helpful!",1
"Honestly, I recommend today's session because the support was helpful!",1
"Today, I regret the new feature because the delay was exhausting and it needs improvement.",0
"After trying it, I doubt this update because it keeps failing and it needs improvement.",0
"In my view, I regret the new feature because the instructions were unclear — really impressed.",0
"In my view, I enjoy the workshop because the experience was smooth — really impressed.",1
"In my view, I dislike the service because it keeps failing — really impressed.",0
"Right now, I dislike the new feature because the quality feels poor and I would use it again.",0
"For me, I praise the workshop because it made my day — really impressed.",1
"For me, I recommend today's session because it made my day!",1
"In my view, I enjoy the service because the experience was smooth.",1
"After trying it, I doubt today's session because the instructions were unclear — really impressed.",0
"For me, I love this update because the experience was smooth.",1
"For me, I praise today's session because the result feels polished.",1
"Right now, I enjoy the service because it works beautifully — really impressed.",1
"For me, I enjoy this update because the experience was smooth — really impressed.",1
"For me, I doubt today's session because it keeps failing #feedback",0
"In my view, I dislike the service because it keeps failing and I would use it again.",0
"In my view, I enjoy the team because the idea is genuinely useful and I would use it again.",1
"In my view, I doubt the service because the result is disappointing #feedback",0
"In my view, I recommend this update because the support was helpful!",1
"In my view, I appreciate this update because the experience was smooth and I would use it again.",1
"For me, I avoid the setup because the instructions were unclear and it needs improvement.",0
"After trying it, I celebrate this update because the result feels polished!",1
"After trying it, I criticise the service because the delay was exhausting #feedback",0
"Today, I celebrate this update because the support was helpful.",1
"In my view, I recommend the team because the idea is genuinely useful and I would use it again.",1
"After trying it, I doubt the service because the delay was exhausting.",0
"For me, I question the service because the quality feels poor #feedback",0
"Today, I regret the new feature because the instructions were unclear #feedback",0
"In my view, I avoid the service because the delay was exhausting and I would use it again.",0
"Today, I dislike the setup because the result is disappointing.",0
"After trying it, I doubt the new feature because the instructions were unclear and it needs improvement.",0
"Right now, I regret today's session because the quality feels poor and I would use it again.",0
"Honestly, I dislike this update because the instructions were unclear and I would use it again.",0
"In my view, I question the service because the delay was exhausting and it needs improvement.",0
"In my view, I avoid the service because the experience was frustrating and it needs improvement.",0
"For me, I regret this update because the quality feels poor and I would use it again.",0
"Today, I dislike the delivery because the quality feels poor #feedback",0
"Right now, I question the setup because it keeps failing.",0
"Honestly, I doubt the new feature because the experience was frustrating and it needs improvement.",0
"Today, I regret today's session because the delay was exhausting and it needs improvement.",0
"Today, I recommend the new feature because the support was helpful and I would use it again.",1
"In my view, I love the service because the idea is genuinely useful — really impressed.",1
"For me, I avoid the service because the experience was frustrating and I would use it again.",0
"Honestly, I recommend the team because it works beautifully.",1
"Right now, I question this update because the experience was frustrating and it needs improvement.",0
"In my view, I question the service because it keeps failing — really impressed.",0
"Honestly, I dislike this update because the quality feels poor — really impressed.",0
"After trying it, I dislike the delivery because the experience was frustrating and it needs improvement.",0
"In my view, I dislike this update because the experience was frustrating and I would use it again.",0
"After trying it, I question the new feature because the quality feels poor and I would use it again.",0
"After trying it, I appreciate today's session because the support was helpful and I would use it again.",1
"Honestly, I avoid the service because the instructions were unclear #feedback",0
"After trying it, I regret the new feature because the quality feels poor and it needs improvement.",0
"Right now, I recommend the workshop because the experience was smooth and I would use it again.",1
"Today, I question the setup because the result is disappointing and it needs improvement.",0
"Right now, I love this update because it made my day and I would use it again.",1
"In my view, I criticise the delivery because the result is disappointing.",0
"Right now, I avoid the setup because the delay was exhausting.",0
"Today, I love today's session because it works beautifully.",1
"After trying it, I recommend the team because it made my day.",1
"Right now, I question the delivery because the quality feels poor — really impressed.",0
"Today, I recommend the new feature because the idea is genuinely useful and I would use it again.",1
"Honestly, I criticise today's session because it keeps failing and it needs improvement.",0
"Honestly, I appreciate the team because it works beautifully.",1
"After trying it, I regret today's session because the quality feels poor — really impressed.",0
"After trying it, I avoid the setup because the instructions were unclear.",0
"Today, I question the new feature because the instructions were unclear and I would use it again.",0
"For me, I appreciate this update because the support was helpful — really impressed.",1
"Honestly, I praise this update because the support was helpful!",1
"Honestly, I regret today's session because the delay was exhausting.",0
"Right now, I dislike the setup because the result is disappointing — really impressed.",0
"For me, I avoid the setup because the quality feels poor — really impressed.",0
"Right now, I celebrate the new feature because the result feels polished — really impressed.",1
"Honestly, I avoid this update because the instructions were unclear #feedback",0
"For me, I doubt today's session because it keeps failing — really impressed.",0
"For me, I criticise the service because the delay was exhausting #feedback",0
"Honestly, I regret this update because the quality feels poor and I would use it again.",0
"For me, I celebrate the team because it works beautifully!",1
"For me, I dislike this update because the delay was exhausting and I would use it again.",0
"Honestly, I dislike the new feature because the delay was exhausting.",0
"For me, I regret this update because it keeps failing.",0
"In my view, I question the service because the result is disappointing and I would use it again.",0
"After trying it, I doubt the setup because the experience was frustrating and it needs improvement.",0
"Honestly, I criticise the delivery because the quality feels poor #feedback",0
"For me, I doubt the setup because the instructions were unclear — really impressed.",0
"For me, I avoid this update because the quality feels poor — really impressed.",0
"For me, I doubt the delivery because the quality feels poor and I would use it again.",0
"In my view, I dislike today's session because it keeps failing — really impressed.",0
"Honestly, I enjoy this update because the idea is genuinely useful!",1
"Today, I dislike today's session because the quality feels poor and I would use it again.",0
"Today, I avoid the delivery because the delay was exhausting.",0
"In my view, I dislike today's session because the instructions were unclear — really impressed.",0
"In my view, I recommend the new feature because the support was helpful!",1
"Right now, I criticise the setup because the experience was frustrating and I would use it again.",0
"Honestly, I recommend the workshop because it made my day.",1
"Honestly, I praise the team because the idea is genuinely useful and I would use it again.",1
"For me, I appreciate the workshop because the experience was smooth — really impressed.",1
"Today, I dislike the new feature because the delay was exhausting and it needs improvement.",0
"Honestly, I doubt today's session because it keeps failing #feedback",0
"Today, I praise the service because it works beautifully.",1
"Right now, I recommend the team because it works beautifully — really impressed.",1
"Right now, I question the new feature because the experience was frustrating and it needs improvement.",0
"Honestly, I praise today's session because it made my day and I would use it again.",1
"For me, I regret the new feature because the result is disappointing.",0
"Today, I praise the service because the idea is genuinely useful!",1
"Honestly, I dislike the delivery because it keeps failing — really impressed.",0
"In my view, I praise the team because the result feels polished and I would use it again.",1
"Today, I dislike today's session because the quality feels poor and I would use it again.",0
"Right now, I enjoy the new feature because the experience was smooth.",1
"After trying it, I celebrate the workshop because the experience was smooth — really impressed.",1
"After trying it, I enjoy the new feature because it made my day.",1
"After trying it, I appreciate the team because the result feels polished.",1
"In my view, I love this update because the support was helpful!",1
"After trying it, I dislike the delivery because the instructions were unclear #feedback",0
"Honestly, I doubt today's session because the quality feels poor.",0
"Today, I enjoy the workshop because it works beautifully!",1
"Honestly, I criticise the service because the quality feels poor and I would use it again.",0
"Right now, I dislike the service because the instructions were unclear and it needs improvement.",0
"For me, I avoid the delivery because the instructions were unclear.",0
"After trying it, I enjoy today's session because it works beautifully.",1
"Honestly, I praise the team because it works beautifully and I would use it again.",1
"Honestly, I recommend the team because the result feels polished — really impressed.",1
"After trying it, I criticise this update because it keeps failing and it needs improvement.",0
"Right now, I enjoy the team because the support was helpful and I would use it again.",1
"After trying it, I dislike the new feature because the result is disappointing and I would use it again.",0
"After trying it, I love the service because the experience was smooth and I would use it again.",1
"After trying it, I regret the new feature because the instructions were unclear and it needs improvement.",0
"Honestly, I celebrate today's session because it works beautifully and I would use it again.",1
"After trying it, I recommend today's session because the experience was smooth!",1
"Honestly, I avoid the delivery because it keeps failing #feedback",0
"Right now, I avoid the service because the instructions were unclear and it needs improvement.",0
"After trying it, I celebrate the workshop because it works beautifully — really impressed.",1
"After trying it, I enjoy the workshop because the experience was smooth!",1
"In my view, I doubt the service because the instructions were unclear and I would use it again.",0
"Honestly, I praise the service because the idea is genuinely useful and I would use it again.",1
"After trying it, I enjoy today's session because it made my day!",1
"Today, I criticise the new feature because the delay was exhausting and it needs improvement.",0
"In my view, I question the delivery because it keeps failing #feedback",0
"Honestly, I doubt the new feature because the result is disappointing and I would use it again.",0
"After trying it, I recommend the service because it made my day!",1
"Honestly, I enjoy the new feature because the idea is genuinely useful and I would use it again.",1
"After trying it, I appreciate the workshop because the result feels polished!",1
"After trying it, I love the workshop because it made my day!",1
"In my view, I question the setup because the instructions were unclear and I would use it again.",0
"After trying it, I love the service because it made my day.",1
"In my view, I avoid the setup because the instructions were unclear #feedback",0
"Right now, I regret the setup because the experience was frustrating and I would use it again.",0
"For me, I doubt the delivery because the delay was exhausting and I would use it again.",0
"Today, I dislike this update because it keeps failing.",0
"Today, I enjoy the workshop because the experience was smooth — really impressed.",1
"For me, I appreciate the team because the experience was smooth.",1
"Honestly, I appreciate this update because it works beautifully!",1
"In my view, I dislike this update because it keeps failing and it needs improvement.",0
"Today, I question the new feature because the quality feels poor — really impressed.",0
"After trying it, I criticise today's session because it keeps failing and it needs improvement.",0
"After trying it, I regret today's session because the quality feels poor — really impressed.",0
"After trying it, I love this update because it made my day!",1
"Honestly, I dislike the new feature because the delay was exhausting — really impressed.",0
"For me, I criticise today's session because the quality feels poor #feedback",0
"Today, I avoid the new feature because the result is disappointing — really impressed.",0
"After trying it, I enjoy today's session because the result feels polished — really impressed.",1
"In my view, I praise the workshop because the experience was smooth!",1
"Right now, I doubt the service because the quality feels poor #feedback",0
"For me, I appreciate this update because the experience was smooth — really impressed.",1
"Right now, I question this update because the result is disappointing and I would use it again.",0
"In my view, I criticise this update because the instructions were unclear and I would use it again.",0
"Right now, I doubt the new feature because the result is disappointing #feedback",0
"Honestly, I celebrate today's session because it works beautifully.",1
"Honestly, I praise the service because it made my day — really impressed.",1
"Today, I praise today's session because the support was helpful.",1
"Honestly, I question today's session because the result is disappointing.",0
"Right now, I appreciate this update because it works beautifully and I would use it again.",1
"Right now, I enjoy the workshop because it made my day.",1
"For me, I recommend today's session because the idea is genuinely useful and I would use it again.",1
"In my view, I avoid this update because the experience was frustrating and it needs improvement.",0
"Honestly, I regret the setup because the result is disappointing and it needs improvement.",0
"Honestly, I praise this update because the idea is genuinely useful — really impressed.",1
"Honestly, I recommend the service because it made my day!",1
"Today, I question the setup because the result is disappointing and it needs improvement.",0
"For me, I regret the service because the experience was frustrating and I would use it again.",0
"For me, I enjoy the new feature because the idea is genuinely useful and I would use it again.",1
"For me, I recommend the new feature because the idea is genuinely useful!",1
"In my view, I praise the workshop because the idea is genuinely useful!",1
"Today, I regret the service because the result is disappointing and I would use it again.",0
"Right now, I love the new feature because it made my day and I would use it again.",1
"Today, I praise today's session because it made my day.",1
"In my view, I recommend this update because the result feels polished.",1
"Today, I appreciate the team because the support was helpful!",1
"Today, I love the team because the support was helpful — really impressed.",1
"Honestly, I regret the setup because the experience was frustrating and I would use it again.",0
"Today, I love the new feature because it works beautifully!",1
"For me, I question the new feature because the instructions were unclear #feedback",0
"Honestly, I doubt the service because the instructions were unclear #feedback",0
"Right now, I appreciate this update because it works beautifully!",1
"After trying it, I recommend today's session because the experience was smooth — really impressed.",1
"Today, I regret the setup because the instructions were unclear — really impressed.",0
"For me, I enjoy the workshop because it works beautifully and I would use it again.",1
"For me, I appreciate the new feature because the support was helpful!",1
"Honestly, I criticise the new feature because the quality feels poor and I would use it again.",0
"Honestly, I praise the new feature because it made my day.",1
"In my view, I dislike this update because it keeps failing and it needs improvement.",0
"For me, I question the service because the experience was frustrating and it needs improvement.",0
"After trying it, I enjoy the team because the idea is genuinely useful and I would use it again.",1
"In my view, I criticise today's session because the instructions were unclear — really impressed.",0
"After trying it, I enjoy the new feature because the experience was smooth and I would use it again.",1
"Right now, I doubt the service because the delay was exhausting and I would use it again.",0
"Right now, I doubt the delivery because it keeps failing and I would use it again.",0
"Honestly, I praise today's session because it made my day — really impressed.",1
"Honestly, I criticise the setup because the quality feels poor — really impressed.",0
"Today, I appreciate the service because the result feels polished — really impressed.",1
"Right now, I appreciate this update because it works beautifully and I would use it again.",1
"After trying it, I dislike the new feature because the result is disappointing and I would use it again.",0
"For me, I avoid this update because it keeps failing #feedback",0
"Today, I enjoy the workshop because the result feels polished — really impressed.",1
"In my view, I love the service because it made my day!",1
"For me, I regret today's session because it keeps failing and I would use it again.",0
"For me, I appreciate today's session because the idea is genuinely useful!",1
"In my view, I celebrate the service because it made my day and I would use it again.",1
"Today, I criticise the delivery because the result is disappointing and I would use it again.",0
"Right now, I criticise the setup because the result is disappointing.",0
"Honestly, I praise the workshop because it works beautifully — really impressed.",1
"In my view, I avoid the setup because the instructions were unclear #feedback",0
"Right now, I praise the workshop because the idea is genuinely useful.",1
"Honestly, I praise this update because the result feels polished — really impressed.",1
"In my view, I question the delivery because the instructions were unclear and it needs improvement.",0
"For me, I appreciate the workshop because it made my day.",1
"After trying it, I praise the team because it works beautifully.",1
"Today, I celebrate the team because the support was helpful.",1
"After trying it, I appreciate the team because it made my day — really impressed.",1
"Honestly, I question today's session because the result is disappointing.",0
"Right now, I avoid the new feature because the delay was exhausting and it needs improvement.",0
"Today, I criticise this update because it keeps failing — really impressed.",0
"Today, I love the new feature because the idea is genuinely useful and I would use it again.",1
"Honestly, I celebrate this update because it made my day — really impressed.",1
"For me, I love today's session because the result feels polished and I would use it again.",1
"Right now, I recommend this update because the result feels polished!",1
"For me, I regret the service because the instructions were unclear.",0
"Today, I dislike today's session because the experience was frustrating and I would use it again.",0
"Today, I praise the team because the idea is genuinely useful.",1
"Honestly, I celebrate today's session because it made my day — really impressed.",1
"Honestly, I doubt the new feature because it keeps failing and I would use it again.",0
"Honestly, I regret the delivery because the result is disappointing.",0
"Right now, I regret today's session because the instructions were unclear #feedback",0
"For me, I dislike today's session because the quality feels poor — really impressed.",0
"Right now, I love the service because the experience was smooth.",1
"Right now, I celebrate the workshop because the idea is genuinely useful!",1
"For me, I recommend the workshop because the idea is genuinely useful — really impressed.",1
"Honestly, I avoid the setup because the delay was exhausting.",0
"Right now, I celebrate the team because the idea is genuinely useful — really impressed.",1
"In my view, I dislike today's session because it keeps failing #feedback",0
"Today, I question the delivery because it keeps failing.",0
"After trying it, I avoid the delivery because the result is disappointing and I would use it again.",0
"For me, I question the new feature because the quality feels poor.",0
"For me, I regret the new feature because the experience was frustrating and I would use it again.",0
"Right now, I question the service because the instructions were unclear and I would use it again.",0
"Today, I avoid this update because the instructions were unclear #feedback",0
"In my view, I dislike the new feature because the quality feels poor #feedback",0
"Today, I appreciate the new feature because the experience was smooth!",1
"For me, I recommend the service because the experience was smooth — really impressed.",1
"Honestly, I doubt today's session because the experience was frustrating.",0
"For me, I enjoy the new feature because the experience was smooth and I would use it again.",1
"Today, I criticise the delivery because the result is disappointing and it needs improvement.",0
"After trying it, I appreciate the workshop because the idea is genuinely useful and I would use it again.",1
"Honestly, I celebrate the team because it works beautifully.",1
"For me, I dislike the delivery because the experience was frustrating #feedback",0
"Today, I celebrate this update because the idea is genuinely useful!",1
"Right now, I enjoy the team because it made my day — really impressed.",1
"Right now, I praise the new feature because the result feels polished!",1
"Today, I appreciate the team because the result feels polished!",1
"For me, I avoid the service because the result is disappointing and it needs improvement.",0
"For me, I recommend the service because it made my day and I would use it again.",1
"Today, I enjoy this update because the result feels polished and I would use it again.",1
"Honestly, I recommend the new feature because it works beautifully and I would use it again.",1
"Today, I appreciate this update because the result feels polished — really impressed.",1
"For me, I appreciate the workshop because it made my day!",1
"Honestly, I praise the workshop because it made my day — really impressed.",1
"Today, I enjoy today's session because the idea is genuinely useful.",1
"For me, I enjoy the new feature because it made my day!",1
"Honestly, I criticise today's session because the delay was exhausting and I would use it again.",0
"Today, I praise the service because the experience was smooth and I would use it again.",1
"Today, I question today's session because the result is disappointing and I would use it again.",0
"For me, I question the new feature because the experience was frustrating and I would use it again.",0
"Today, I question the setup because it keeps failing #feedback",0
"Honestly, I recommend the new feature because the idea is genuinely useful!",1
"Right now, I avoid today's session because the instructions were unclear and I would use it again.",0
"Right now, I celebrate today's session because the support was helpful and I would use it again.",1
"Honestly, I enjoy this update because the support was helpful and I would use it again.",1
"Honestly, I dislike the new feature because the quality feels poor.",0
"After trying it, I regret the new feature because the delay was exhausting — really impressed.",0
"Right now, I question today's session because the experience was frustrating and it needs improvement.",0
"For me, I dislike today's session because the experience was frustrating.",0
"Honestly, I love today's session because the experience was smooth.",1
"In my view, I avoid today's session because the experience was frustrating #feedback",0
"After trying it, I praise the team because the experience was smooth and I would use it again.",1
"Today, I praise this update because the result feels polished and I would use it again.",1
"Today, I enjoy today's session because the experience was smooth!",1
"In my view, I avoid this update because the delay was exhausting — really impressed.",0
"Honestly, I love the team because the result feels polished — really impressed.",1
"Today, I avoid the delivery because the result is disappointing #feedback",0
"For me, I love today's session because it works beautifully.",1
"Honestly, I recommend the team because it made my day and I would use it again.",1
"Today, I doubt today's session because the experience was frustrating — really impressed.",0
"For me, I criticise the service because the result is disappointing and it needs improvement.",0
"After trying it, I avoid the new feature because it keeps failing — really impressed.",0
"In my view, I question today's session because the experience was frustrating and it needs improvement.",0
"In my view, I question the service because the result is disappointing and I would use it again.",0
"In my view, I dislike the setup because the quality feels poor.",0
"Right now, I dislike the service because the experience was frustrating.",0
"In my view, I celebrate the workshop because it made my day and I would use it again.",1
"In my view, I doubt this update because the experience was frustrating and it needs improvement.",0
"After trying it, I praise the workshop because the result feels polished!",1
"Honestly, I criticise the service because the delay was exhausting.",0
"For me, I avoid the setup because the instructions were unclear — really impressed.",0
"Today, I criticise the new feature because the experience was frustrating — really impressed.",0
"Honestly, I enjoy this update because it works beautifully and I would use it again.",1
"In my view, I question this update because it keeps failing — really impressed.",0
"Right now, I praise today's session because the idea is genuinely useful.",1
"Honestly, I criticise the new feature because the instructions were unclear #feedback",0
"For me, I enjoy today's session because it works beautifully — really impressed.",1
"For me, I praise the team because the experience was smooth.",1
"Today, I question the service because the result is disappointing — really impressed.",0
"Right now, I praise this update because it made my day.",1
"In my view, I love the team because it works beautifully!",1
"Right now, I enjoy today's session because it works beautifully and I would use it again.",1
"In my view, I regret this update because the experience was frustrating.",0
"In my view, I avoid this update because it keeps failing — really impressed.",0
"Today, I avoid the delivery because it keeps failing #feedback",0
"After trying it, I praise the service because it works beautifully and I would use it again.",1
"In my view, I dislike today's session because the result is disappointing #feedback",0
"After trying it, I criticise the new feature because the delay was exhausting #feedback",0
"After trying it, I enjoy today's session because the result feels polished and I would use it again.",1
"Today, I criticise the service because the quality feels poor and it needs improvement.",0
"Honestly, I criticise today's session because the instructions were unclear and it needs improvement.",0
"For me, I dislike this update because it keeps failing — really impressed.",0
"After trying it, I love this update because the result feels polished.",1
"In my view, I praise the new feature because the support was helpful — really impressed.",1
"After trying it, I doubt the delivery because it keeps failing and I would use it again.",0
"In my view, I avoid today's session because it keeps failing #feedback",0
"In my view, I regret the new feature because the delay was exhausting.",0
"In my view, I praise the service because it made my day and I would use it again.",1
"Honestly, I enjoy the service because the idea is genuinely useful — really impressed.",1
"Right now, I celebrate this update because it made my day — really impressed.",1
"After trying it, I celebrate this update because the result feels polished.",1
"For me, I avoid this update because the instructions were unclear #feedback",0
"Right now, I appreciate the new feature because the result feels polished and I would use it again.",1
"After trying it, I recommend the workshop because the support was helpful — really impressed.",1
"Today, I doubt the delivery because the quality feels poor and it needs improvement.",0
"After trying it, I dislike the delivery because the quality feels poor and I would use it again.",0
"Today, I regret today's session because the quality feels poor #feedback",0
"In my view, I celebrate this update because the idea is genuinely useful and I would use it again.",1
"After trying it, I appreciate this update because it made my day — really impressed.",1
"In my view, I regret the service because the experience was frustrating — really impressed.",0
"Right now, I appreciate the service because it made my day — really impressed.",1
"Right now, I dislike the new feature because the result is disappointing and it needs improvement.",0
"After trying it, I criticise today's session because the result is disappointing and I would use it again.",0
"Honestly, I question today's session because the instructions were unclear and I would use it again.",0
"Honestly, I avoid the service because the result is disappointing #feedback",0
"For me, I appreciate the workshop because the experience was smooth — really impressed.",1
"Right now, I love today's session because it works beautifully!",1
"For me, I criticise the setup because the quality feels poor — really impressed.",0
"After trying it, I doubt today's session because the delay was exhausting and I would use it again.",0
"Today, I regret the service because the delay was exhausting and I would use it again.",0
"Right now, I enjoy the new feature because the support was helpful — really impressed.",1
"For me, I love today's session because the idea is genuinely useful and I would use it again.",1
